content;language;Translation A;Translation B;Score_A;Score_B;Winner
Die App kann schon viel, aber warum lassen sich die Scheiben oder das Schiebedach nicht √ºber die App √∂ffnen bzw. schlie√üen. An die Entwickler, bitte nachbessern.;German;The app can already do a lot, but why can't the windows or the sunroof be opened or closed via the app? To the developers, please improve this.;The app can do a lot, but why can't the windows or sunroof be opened or closed via the app? Developers, please fix this.;4;5;B
Leider genauso entt√§uscht wie viele hier √ºber die App. Ich kann weder den Status √ºber meinen 7-er sehen noch sonst die App richtig nutzen. Leider hat mir die BMW Schweiz Hotline auch ned wirklich weiterhelfen k√∂nnen. Eigentlich sehr schade.....;German;Unfortunately, just as disappointed as many here about the app. I can‚Äôt see the status of my 7-series, nor can I really use the app otherwise. Unfortunately, the BMW Switzerland hotline couldn't really help me either. Actually a real shame....;Unfortunately, I'm just as disappointed with the app as many here. I can't see the status of my 7 Series, nor can I use the app properly. Unfortunately, the BMW Switzerland hotline hasn't been able to help me much either. It's a real shame...;4;5;B
Top App, verst√§ndlich, √ºbersichtlich und funktional.;German;Top App, understandable, clear, and functional.;Top app, understandable, clear and functional.;4;4;Tie
An sich eine informative App. Leider bleibt sie oft h√§ngen. Die fehlende Stabilit√§t nervt.;German;An informative app in itself. Unfortunately, it often freezes. The lack of stability is annoying.;An informative app in itself. Unfortunately, it often crashes. The lack of stability is annoying.;4;3;A
Super App. Alles √ºber Handy abrufbar. Vom Tanken bis hin zur HU. Sehr Empfehlenswert. Daf√ºr gibt es auch 5 Sterne üåü üåü üåü üåü üåü;German;Super App. Everything retrievable via mobile phone. From refueling to the vehicle inspection (HU). Highly recommended. That‚Äôs why it gets 5 stars üåü üåü üåü üåü üåü;Great app. Everything is accessible via your phone. From refueling to vehicle inspections. Highly recommended. 5 stars for that. üåü üåü üåü üåü üåü;4;4;Tie
Einfach eine sehr gute und hilfreiche App.;German;Simply a very good and helpful app.;Simply a very good and helpful app.;4;5;B
Die komplizierteste App die es √ºberhaupt gibt. Bis so ein Update bei dem Auto ankommt kriegt ne alte Frau n Kind. Selbst ein Stern ist noch zu viel;German;The most complicated app there is, period. By the time an update like that arrives in the car, an elderly woman will have a child. Even one star is too much.;The most complicated app ever. By the time an update like this reaches the car, an old woman will have a baby. Even one star is too much.;3;4;B
App sehr sch√∂n aber alle Funktionen funktionieren nicht weil mein Auto zu alt ist 2014 es soll ein Update kommen aber wann ist die Frage. LG an BMW Update 30.11 noch schlechter;German;App very nice but not all functions work because my car is too old, 2014. An update is supposed to come, but when is the question. Regards to BMW. Update 30.11 even worse.;The app is very nice, but all functions don't work because my car is too old (2014). There's supposed to be an update, but when is the question. Regards to BMW. Update 30.11 is even worse.;3;4;B
Alles wichtige ist schnell abrufbar;German;Everything important is quickly accessible.;Everything important is quickly accessible;4;5;B
Funktioniert einwandfrei. Bin bis jetzt voll und ganz zufrieden.;German;Works flawlessly. I‚Äôm completely satisfied so far.;Works perfectly. I'm completely satisfied so far.;5;5;Tie
Schrott, man kann sich gar nicht mehr anmelden. Sobald man auf das Feld f√ºr die Passworteingabe klickt, schmei√üt es einen gleich komplett raus. Ein Stern ist auch zu viel üëé;German;Junk, you can't even log in anymore. As soon as you click on the password field, it completely kicks you out. One star is too much üëé;It's crap, you can't even log in anymore. As soon as you click on the password field, it kicks you out completely. One star is too many üëé;4;5;B
Ist bei manchen Modellen, wie z.b. bei meinem 320ger g21 ohne teueres Abo (89 Euro im Jahr) unbrauchbar. Es ist keine einzige Funktion m√∂glich. Schade.;German;It's unusable on some models, like my 320 g21, without the expensive subscription (‚Ç¨89 per year). Not a single function is possible. Shame.;On some models, like my 320 g21, it's unusable without an expensive subscription (‚Ç¨89 per year). Not a single function is available. What a shame.;4;5;B
Die App lief 2 Tage auf meinem neuen Handy danach beim √ñffnen verbindet sie sich ganz kurz mit meinem neuen bmw f39 und st√ºrzt ab. War zu bmw H√§ndler er meinte es l√§ge an der App;German;The app ran for 2 days on my new phone, then when opening it, it connects briefly to my new BMW F39 and crashes. I took it to a BMW dealer and he said it was due to the app.;The app ran on my new phone for two days, but when I opened it, it briefly connected to my new BMW F39 and crashed. I went to the BMW dealer, and he said it was the app.;4;5;B
Es fehlen wichtige Infos zu meinen f11 lci √ºber tankf√ºllstand und Kilometerstand. Auch ist die App und die Verbindung zum Fahrzeug sehr langsam. Hier erwarte uch mehr Performance.;German;Important information regarding my F11 LCI is missing, specifically about fuel level and mileage. Also, the app and the connection to the vehicle are very slow. I expect more performance here.;My F11 LCI is missing important information about the fuel level and mileage. The app and the connection to the vehicle are also very slow. I expect better performance here.;4;5;B
schade dass der Concierge Service eingestellt wurde. und bitte die Fahrzeugortung erweitern;German;‚ÄúIt‚Äôs a shame the Concierge Service was discontinued. And please expand the vehicle location feature.‚Äù;It's a shame the concierge service has been discontinued. And please expand the vehicle tracking feature.;4;5;B
Die App hat immer gut funktioniert. Seit dem letzten Update kann ich meine Fahrten nicht mehr ansehen.;German;The app has always worked well. Since the last update, I can no longer view my journeys.;The app always worked well. Since the last update, I can no longer view my trips.;5;5;Tie
St√§ndig die Neuanmeldung, die dann auch noch nicht Mal funktioniert. Dann wird man gen√∂tigt Chrome zu nutzen, was auch nicht funktioniert. Fragt man sich, was f√ºr Programmierer von BMW besch√§ftigt werden.;German;Constant re-registration, which also doesn‚Äôt even work. Then you're forced to use Chrome, which also doesn‚Äôt work. You wonder what kind of programmers BMW employs.;Constantly having to log in again, which doesn't even work. Then you're forced to use Chrome, which doesn't work either. It makes you wonder what kind of programmers BMW employs.;4;5;B
Remote Parking fehlt obwohl Fahrzeug es unterst√ºtzt.;German;Remote Parking is missing even though the vehicle supports it.;Remote Parking is missing although the vehicle supports it.;5;4;A
Es fehlen einfache Features die heute eigentlich Standart sind: -Kein Dark Mode! -Aktuell anliegender Ladestrom wird nicht angezeigt -Ladestrom kann nicht angepasst werden;German;Simple features that are standard these days are missing: -No Dark Mode! -Currently applicable charging current is not displayed -Charging current cannot be adjusted;It's missing simple features that are actually standard today: -No dark mode! -Current charging current is not displayed -Charging current cannot be adjusted;4;4;Tie
"Es geht seit Tagen mal wieder gar nichts..! App Anmeldung und wenn man es mal schafft ""drinnen"" zu sein funktioniert auch nicht alles...Standort Fahrzeug abrufen, Route ans Fahrzeug etc... Im Auto alles aktuviert, GPS usw..√§rgerlich bei Fahrzeugen in der Preisklasse..";German;Nothing has been working again for days..! App login and even when you manage to get in, not everything functions... Retrieving vehicle location, sending routes to the vehicle, etc... Everything activated in the car, GPS, etc. Annoying for vehicles in this price class..;Nothing has been working for days now...! I can't log in to the app, and even when I do manage to get in, not everything works...checking the vehicle location, getting a route to the vehicle, etc. Everything is updated in the car, GPS, etc....annoying for vehicles in this price range.;4;4;Tie
"Eine Anmeldung ist seit Tagen nicht mehr m√∂glich. ""Es ist ein Fehler aufgetreten, sp√§ter nochmals versuchen! 3020"". Email an Hotline wird nicht beantwortet!üòü";German;‚ÄúLogging in hasn‚Äôt been possible for days. An error occurred, try again later! 3020. Email to the hotline isn't being answered! üòü;"Registration hasn't been possible for days. ""An error occurred, try again later! 3020."" Emails to the hotline aren't being answered!üòü";4;5;B
Bin mit der App sehr zufrieden. Hat uns in einer brenzligen Situation geholfen. Und zwar, hatten wir den Fahrzeugschl√ºssel im Kofferraum liegen und die Heckklappe geschlossen. Dank der App, konnten wir das Auto √ºber unseren Smartphone wieder √∂ffnen. üëç;German;I'm very happy with the app. It helped us in a tricky situation. We had left the car key in the trunk and the tailgate was closed. Thanks to the app, we were able to unlock the car again via our smartphone. üëç;I'm very happy with the app. It helped us in a tricky situation. We had left the car key in the trunk and the tailgate closed. Thanks to the app, we were able to unlock the car again using our smartphone. üëç;5;5;Tie
Wenn der Fahrzeugstatus √ºber die App nicht aktualisiert werden kann, die Daten werden von der Vergangenheit angezeigt, dann m√ºssen im Fahrzeug √ºber das i Drive Men√º alle BMW Dienste aktuallisiert werden. Wurden diese aktualisiert dann Connected Drive deaktivieren. Kurz warten dann Conneced Drive wieder aktivieren. W√§rend der Aktualisierung darf das Fahrzeug nicht gefahren werden. Anschlie√üend in der App den Fahrzeug Status akkualisieren. Bei mir hat es so funktioniert. Alles wieder ok.;German;‚ÄúIf the vehicle status can‚Äôt be updated via the app, and the data displayed is from the past, then you need to update all BMW services in the vehicle via the iDrive menu. Once these have been updated, deactivate Connected Drive. Wait a short while, then reactivate Connected Drive. The vehicle must not be driven during the update. Afterwards, update the vehicle status in the app. This is how it worked for me. Everything is ok again.‚Äù;;5;1;A
Die neue App hat die vorherige App nur verschlimmbessert. Respekt, ich dachte nicht das dieses M√∂glich ist. Warum kann man z. B. nicht mehr spontan die Klimatisierung einschalten? Zu teuer? Zu einfach? Zu Kundenfreundlich? Wenn man sich √ºberlegt was man f√ºr die ganzen Softwarezus√§tze bezahlen muss ist es schon, gelinde ausgedr√ºckt, eine Unversch√§mtheit was daf√ºr geboten wird. Langsam tendiere ich dazu dass das n√§chste Auto kein BMW mehr wird.;German;The new app has only made the previous app worse. Seriously, I didn't think that was possible. Why, for example, can you no longer spontaneously activate the climate control? Too expensive? Too simple? Too customer-friendly? Considering what you have to pay for all the software additions, it‚Äôs, to put it mildly, an outrage what is offered in return. I‚Äôm slowly tending towards the next car not being a BMW.;The new app has only made the previous one worse. Respect, I didn't think that was possible. Why, for example, can't you spontaneously turn on the air conditioning anymore? Too expensive? Too simple? Too customer-friendly? When you consider what you have to pay for all the additional software, it's outrageous, to put it mildly. I'm slowly leaning towards my next car not being a BMW.;4;5;B
Bis jetzt funktionierte alles einwandfrei, in letzter Zeit fehlerhaft, einiges versucht aber ohne Erfolg.;German;Up until now, everything worked flawlessly, recently buggy, some things tried but without success.;Until now everything worked perfectly, recently it has been buggy, tried a few things but without success.;4;4;Tie
"is von BMW...muss also gut sein ;) tolle App funktioniert und macht spa√ü";German;"It‚Äôs from BMW‚Ä¶ so it has to be good ;) great app, works and is fun.";"is from BMW...so it must be good ;) great app works and is fun";5;4;A
Nach jedem Update wieder neu anmelden - genial;German;Re-logging after every update ‚Äì brilliant.;Log in again after each update - brilliant;3;4;B
BMW ist besser als mein RangeRover. Vor allem was die digitale Technik an geht.;German;BMW is better than my RangeRover. Especially when it comes to digital technology.;BMW is better than my Range Rover, especially when it comes to digital technology.;4;5;B
Einfach genial wenn man stets in ein temperiertes Auto einsteigen kann - egal ob es drau√üen kalt oder hei√ü ist üòÄ;German;Simply brilliant when you can always get into a pre-conditioned car ‚Äì whether it's cold or hot outside üòÄ;It's simply brilliant when you can always get into a temperature-controlled car - no matter whether it's cold or hot outside üòÄ;4;4;Tie
App funktioniert nicht. Ich kann die AGB nicht runter laden. Zeigt mir immer an das ich es sp√§ter nochmal versuchen soll. Weil es momentan nicht m√∂glich ist;German;App isn‚Äôt working. I can‚Äôt download the Terms and Conditions. It always tells me to try again later because it‚Äôs currently not possible.;The app doesn't work. I can't download the terms and conditions. It keeps telling me to try again later because it's not possible right now.;4;5;B
"Dalla versione 2.11.0, con IDrive 6 e telefono Android 12 collegato via Bluetooth, non si attiva pi√π l'opzione ""app"". L'ultima versione funzionante √® la 2.9.3. Dalle versione 3.5.2 il problema √® stato risolto.";Italian;Since version 2.11.0, with iDrive 6 and an Android 12 phone connected via Bluetooth, the app option no longer activates. The last working version is 2.9.3. From version 3.5.2 the problem has been resolved.;"Since version 2.11.0, with IDrive 6 and Android 12 phone connected via Bluetooth, the ""app"" option is no longer activated. The latest working version is 2.9.3. Since version 3.5.2 the problem has been solved.";4;4;Tie
"Riuscire a fare un'app. su misura rispondente quanto pi√π possibile alle necessit√† del veicolo sarebbe un amibizioso traguardo. Si potrebbe dedicare una sessione specifica ""veicolo"" comprendente tutti gli interventi, manutenzione, sostituzioni e quant'altro per tenere elevato lo stato degli interventi. Ove possibile si potrebbe includere lo stato di usura dei componenti e altro aumentando cos√¨ la performance delle app. Distinti saluti";Italian;Achieving a custom app that responds as closely as possible to the needs of the vehicle would be an ambitious goal. A specific vehicle section could be dedicated to all interventions, maintenance, replacements, and so on, to keep the state of interventions high. Where possible, the wear status of components could be included, further increasing the app's performance. Sincerely;"Being able to make a custom app that responds as much as possible to the needs of the vehicle would be an ambitious goal. A specific ""vehicle"" session could be dedicated to include all the interventions, maintenance, replacements and anything else to keep the status of the interventions high. Where possible, the state of wear of the components and other things could be included, thus increasing the performance of the apps. Best regards";4;4;Tie
√à da pi√π di 2 settimane che l'app non funziona, oltre al fatto che la precedente aveva pi√π funzioni e funzionava meglio. Vorrei ricordare che questo servizio √® a pagamento.;Italian;The app hasn't been working for over two weeks, on top of the fact that the previous version had more features and worked better. I‚Äôd like to remember that this service is a paid one.;The app hasn't been working for more than 2 weeks, and the previous one had more features and worked better. I would like to remind you that this service is paid.;4;4;Tie
Pessima! Dopo appena un mese e mezzo dall'installazione si e' bloccata, come lamentato anche da altri utenti. Non aggiorna, infatti, lo stato e la posizione della vettura e non invia i comandi da remoto. Peraltro la funzione fa parte di un pacchetto a pagamento.;Italian;Terrible! After just a month and a half since installation, it froze, as also reported by other users. It doesn‚Äôt update the vehicle's status and location, and it doesn't send remote commands. Moreover, this function is part of a paid package.;Terrible! After just a month and a half from the installation it stopped working, as also complained by other users. In fact, it does not update the status and position of the car and does not send remote commands. Moreover, the function is part of a paid package.;5;5;Tie
Comandi da remoto verso la macchina molto lenti;Italian;Remote commands to the car are very slow.;Remote commands to the machine very slow;4;2;A
Utile, peccato che a volte non fa il refresh dei dati in tempo reale;Italian;Useful, it‚Äôs a shame it doesn‚Äôt refresh data in real time sometimes.;Useful, pity that sometimes it doesn't refresh the data in real time;4;4;Tie
La app funziona bene. Sarebbe molto utile poter impostare la pianificazione delle ricariche su base settimanale cosi da coincidere con le fasce dei gestori dell'energia elettrica che ad es. nel weekend hanno tariffa pi√π bassa tutto il giorno.;Italian;The app works well. It would be very useful to be able to set charging schedules on a weekly basis so they coincide with energy providers' time-of-use rates, which, for example, have a lower rate all day on weekends.;The app works well. It would be very useful to be able to set the charging schedule on a weekly basis so as to coincide with the bands of the electricity providers who, for example, have a lower rate all day on the weekend.;4;4;Tie
sarebbe molto utile connessione con account Google;Italian;It would be very useful to have connection with a Google account.;It would be very useful to connect with Google account;3;4;B
Digital key non compatibile con s22, che vergogna;Italian;Digital Key not compatible with S22, how embarrassing.;Digital key not compatible with s22, what a shame;4;4;Tie
decisamente un grande aiuto per avere sempre l'autovettura sotto controllo;Italian;definitely a great help for always keeping the car under control;definitely a great help to always have the car under control;5;4;A
La vecchia app BMW connected era organizzata con layout a mio parere pi√π chiaro e piacevole. Ma vabb√®.. Ora la localizzazione del veicolo risulta pi√π lenta, non utilizza pi√π la dettagliata mappa google, inoltre non consente pi√π di navigare a piedi verso il proprio veicolo. Secondo me con questa app si sono fatti non uno, ma ben due passi indietro rispetto la precedente. Se poi contiamo che √® un sevizio a pagamento... Mah!!!....;Italian;‚ÄúThe old BMW Connected app was organized with a layout that, in my opinion, was clearer and more pleasant. But okay‚Ä¶ Now vehicle location is slower, it no longer uses the detailed Google Maps, and it no longer allows you to navigate on foot to your vehicle. In my opinion, with this app they‚Äôve taken not one, but two steps backward compared to the previous one. And if we also factor in that it‚Äôs a paid service‚Ä¶ Meh!!!‚Ä¶‚Äù;The old BMW connected app was organized with a layout that in my opinion was clearer and more pleasant. But oh well... Now the localization of the vehicle is slower, it no longer uses the detailed Google map, and it no longer allows you to navigate on foot to your vehicle. In my opinion, with this app they have taken not one, but two steps back compared to the previous one. If we then consider that it is a paid service... Meh!!!....;5;4;A
facile da usare, efficente e utile per avere il controllo dell'auto da remoto;Italian;Easy to use, efficient, and useful for having remote control of the car.;easy to use, efficient and useful to have control of the car remotely;4;4;Tie
"Serve un aggiornamento che risolva una volta per tutte il problema della registrazione viaggi... ogni tre per due quest'ultima non funziona. Se fosse un problema di ID9 intervenite per favore sul software dell'auto, altrimenti ""i miei viaggi"" rimane totalmente inutile (dato registra a random...).";Italian;An update is needed to permanently fix the trip recording issue... it fails every three and two. If it's an ID9 problem, please intervene on the car's software, otherwise My Trips remains totally useless (data records randomly...).;"An update is needed to solve the trip recording problem once and for all... every now and then it doesn't work. If it's an ID9 problem, please intervene on the car's software, otherwise ""my trips"" remains totally useless (data records randomly...).";3;4;B
precisione e modalit√† di avviso sempre in anticipo;Italian;Precision and advance warning mode.;accuracy and always early warning mode;4;3;A
App stabile e precisa. Molto utile e molto comoda. Migliorerebbe un poco se desse la possibilit√† di gestire dallo smartphone le app dell'auto;Italian;Stable and accurate app. Very useful and very convenient. It would improve a little if it offered the possibility to manage the car's apps from the smartphone.;Stable and accurate app. Very useful and very convenient. It would improve a little if it gave the possibility to manage the car apps from the smartphone;4;4;Tie
L'applicazione √® utile. La uso da 6 mesi, cio√® da quando ho preso l.auto. √à sempre andata bene, fino all.ultimo aggiornamento di pochi giorni fa. Ora, senza alcun motivo va in crash mentre la uso. Schermo nero e anche attendendo non cambia. Resta cos√¨. Bisogna chiuderla con tasto indietro del telefono o eliminarla dalle app aperte Poi riparte regolarmente. Attendo che torni funzionante al 100% per migliorare la valutazione;Italian;The app is useful. I've been using it for 6 months, that is, since I got the car. It has always worked well, until the last update a few days ago. Now, for no reason, it crashes while I'm using it. Black screen and even waiting, it doesn't change. It stays like that. You have to close it with the phone's back button or delete it from the open apps. Then it restarts regularly. I'm waiting for it to be fully functional again to improve the rating.;The application is useful. I have been using it for 6 months, that is, since I got the car. It has always worked well, until the last update a few days ago. Now, for no reason it crashes while I am using it. Black screen and even waiting does not change. It stays like this. You have to close it with the back button on the phone or delete it from the open apps. Then it restarts regularly. I am waiting for it to be 100% functional again to improve the rating.;5;4;A
All'inizio, non avendola mai avuto ho avuto qualche difficolt√†, ma ora la consiglio a tutti.;Italian;Initially, I had some difficulties not having used it before, but now I recommend it to everyone.;At first, I had some difficulties, having never had it, but now I recommend it to everyone.;3;4;B
esperienza positiva con Bmw dal 2005;Italian;Positive experience with BMW since 2005;positive experience with BMW since 2005;5;5;Tie
Concordo con l'opinione di informatici incapaci in quanto sto cercando di recuperare la password inserisco il codice cliente presente nella mail e appare la dicitura dato errato. Senza parlare delle telefonate avevo 17 davanti ho atteso il mio turno e quando era arrivato la comunicazione √® caduta. Stessa cosa un momento fa mentre parlavo con l'operatore. Se registrano le telefonate le ascoltino;Italian;I agree with the opinion of incompetent IT people because I'm trying to recover my password, I enter the customer code from the email and the message incorrect data appears. Not to mention the phone calls: I had 17 in the queue, I waited for my turn, and when it was my turn, the connection dropped. Same thing just now while talking to the operator. If they record the phone calls, they should listen to them.;I agree with the opinion of incompetent computer scientists as I am trying to recover the password I enter the customer code present in the email and the wording incorrect data appears. Not to mention the phone calls I had 17 in front of me I waited my turn and when it arrived the communication dropped. Same thing a moment ago while I was talking to the operator. If they record the phone calls they should listen to them;4;3;A
Quale funzione in pi√π sarebbe stata utile....(apertura chiusura finestrini);Italian;Which extra function would have been useful....(window opening and closing);What additional function would have been useful....(opening closing windows);4;4;Tie
buona, utile e molto intuitiva.;Italian;Good, useful, and very intuitive.;good, useful and very intuitive.;5;5;Tie
Una volta istallata l'app, clicco su login e parte una landing di caricamento infinita. Non riesco ad accedere;Italian;Once the app is installed, I click on login and an endless loading screen starts. I can‚Äôt access it.;Once the app is installed, I click on login and an infinite loading landing page starts. I can't log in;4;4;Tie
Da una casa come la BMW potrebbero fare molto ma molto meglio;Italian;‚ÄúFrom a company like BMW, you could expect so much more.‚Äù;From a company like BMW they could do much, much better;3;5;B
Pessima applicazione non all'altezza del marchio. Ogni giorno chiede di ri-autenticarsi.;Italian;Poor application, not up to the brand‚Äôs standards. It asks you to re-authenticate every day.;Terrible app not up to the mark. Every day asks to re-authenticate.;5;3;A
√® divertente oltre che utile. avere i dati a portata di mano spesso torna comodo.;Italian;It‚Äôs fun as well as useful. Having the data at hand is often convenient.;It's fun as well as useful. Having data at hand often comes in handy.;4;5;B
App funzionale ed utile per il controllo dell'auto in remoto.;Italian;Functional and useful app for remote car control.;Functional and useful app for remote car control.;4;5;B
Da quando l'ho installata non funziona pi√π Spotify!;Italian;Since I installed it, Spotify doesn't work anymore!;Since I installed it Spotify no longer works!;4;4;Tie
Una applicazione utile, che fornisce buone informazioni;Italian;A useful application, providing good information.;A useful application, which provides good information;4;4;Tie
Il sistema antivirus mi segnala che l'applicazione √® infettata e consiglia di rimuoverla, cosa che ho fatto. Potete verificare?;Italian;My antivirus system flags the application as infected and recommends removal, which I‚Äôm doing. Can you check?;The antivirus system tells me that the application is infected and recommends removing it, which I did. Can you check?;4;4;Tie
bella applicazione, io per ora la uso per controllare lo stato del mezzo e abbassare la temperatura nelle giornate assolate. non mi √® chiara la differenza con l'app bmw connected. tra le due ho scelto questa.;Italian;Nice application, so far I'm using it to check the vehicle‚Äôs status and lower the temperature on hot days. I‚Äôm not clear on the difference with the BMW Connected app. Between the two, I chose this one.;nice app, for now I use it to check the status of the vehicle and lower the temperature on sunny days. I don't understand the difference with the bmw connected app. between the two I chose this one.;4;4;Tie
Aplicaci√≥n penosa, en esta nueva actualizaci√≥n se cargan tambi√©n la prestaci√≥n del claxon en remoto. Una verdadera estafa. Cualquier veh√≠culo tiene mejores prestaciones que la app de BMW. BMW = Sablazo y estafa.;Spanish;Miserable app, with this new update they‚Äôve even loaded the remote horn function. A real rip-off. Any vehicle has better features than the BMW app. BMW = Rip-off and scam.;Terrible app. This new update also cancels the remote horn feature. A real rip-off. Any vehicle has better features than the BMW app. BMW = Rip-off and a rip-off.;4;4;Tie
Vamos a peor, ni de abre.;Spanish;Getting worse and worse, it won't even open.;We're getting worse, don't even open it.;4;4;Tie
Est√° todo bien,solo que me gustar√≠a que si suena la alarma del coche la aplicaci√≥n me informara;Spanish;Everything's fine, just that I would like it to notify me in the app when the car alarm sounds.;Everything is fine, I just wish the app would inform me if the car alarm goes off.;4;5;B
Muy buena aplicaci√≥n para tener datos y acceso al coche!;Spanish;Very good app for having data and access to the car!;Very good app to have data and access to the car!;4;4;Tie
Muy √∫til y f√°cil de usar.;Spanish;Very useful and easy to use.;Very useful and easy to use.;5;5;Tie
La aplicaci√≥n es muy completa y funciona bastante bien, pero tiene errores p.e. en el c√°lculo del kilometraje en las rese√±as mensuales, o en las estad√≠sticas de viajes.;Spanish;The app is very comprehensive and works quite well, but it has glitches, for example, in the calculation of mileage in the monthly reviews, or in the travel statistics.;The app is very comprehensive and works quite well, but it has errors, for example, in calculating mileage in the monthly reviews or in the trip statistics.;4;4;Tie
Es una porquer√≠a. No se conecta porque seguro no hab√≠a un buen enlce con los datos de los autos. Lanzan algo que no sirve !!;Spanish;It's a mess. It doesn't connect because surely there wasn‚Äôt a good link with the car‚Äôs data. They release something that doesn‚Äôt work!!;It's rubbish. It doesn't connect because there probably wasn't a good connection to the car data. They're throwing up something useless!;4;4;Tie
Mejor coche,asistencia y app....muy dif√≠cil de mejorarüëç;Spanish;Better car, assistance and app....very difficult to improve üëç;Best car, assistance and app...very hard to improveüëç;4;5;B
Me dice que lamentablemente el cambio autom√°tico del pa√≠s asignado no es compatible con mi bmw. Estoy en M√©xico y tengo una X3 M40i 2018.;Spanish;It tells me that unfortunately, automatic country assignment changes are not compatible with my BMW. I‚Äôm in Mexico and have a 2018 X3 M40i.;It tells me that unfortunately the automatic transmission for the assigned country isn't compatible with my BMW. I'm in Mexico and have a 2018 X3 M40i.;4;4;Tie
no me funciona spotify y ninguna app con esta nueva app;Spanish;Spotify doesn't work for me and neither does any other app with this new app.;Spotify and no other app work for me with this new app.;3;2;A
La app deber√≠a incluir alg√∫n aviso cuando se activa la alarma del veh√≠culo.;Spanish;The app should include some kind of notification when the vehicle alarm is activated.;The app should include some kind of notification when the vehicle's alarm is triggered.;4;4;Tie
Una app sencilla de utilizar y muy completa y √∫til;Spanish;A simple app to use and very complete and useful.;An easy-to-use, very complete and useful app;4;5;B
me permite saber d√≥nde est√° el auto;Spanish;It lets me know where the car is.;lets me know where the car is;5;4;A
La aplicaci√≥n est√° muy bien le doy cuatro estrellas por que esta todo muy bien pero todav√≠a no he le√≠do un comentario sobre un fallo sobre serrar el veh√≠culo si la puerta o las puertas est√° abierta le da cerrar y perfecto pero si se te olvida una o varias ventanillas no silve de nada el cierre a distancia yo he tenido que volver al coche en mas de una vez para cerrar ventanas as√≠ que le dare cinco es cuando arreglen este fallo por que la aplicaci√≥n est√° muy completa pero ese fallo la estropea;Spanish;The app is very good, I give it four stars because everything is very good, but I haven't yet read a comment about a failure regarding locking the vehicle if the door or doors are open. It locks perfectly, but if you forget a window or several, the remote locking is useless. I'm having to return to the car more than once to close windows, so I'll give it five when they fix this failure because the application is very complete, but that failure ruins it.;The application is very good, I give it four stars because everything is very good, but I have not yet read a comment about a bug about locking the vehicle. If the door or doors are open, it closes and is perfect. However, if you forget one or more windows, the remote locking is useless. I have had to return to the car more than once to close the windows, so I will give it five stars when they fix this bug because the application is very complete, but this bug ruins it.;4;4;Tie
Interesante aplicaci√≥n para localizar el veh√≠culo y gestionar su mantenimiento, as√≠ como otras funcionalidades. Deber√≠a poder localizarse el veh√≠culo en marcha y no √∫nicamente parado.;Spanish;Interesting app for locating the vehicle and managing its maintenance, as well as other functionalities. It should be possible to locate the vehicle while it's moving and not only when it's parked.;Interesting app for locating vehicles and managing their maintenance, as well as other features. It should be possible to locate the vehicle while moving, not just when stopped.;5;5;Tie
La aplicaci√≥n est√° muy bien. El control remoto me encanta, y poder comprobar el estado del veh√≠culo, la ubicaci√≥n, activar el aire antes de llegar al coche... No le pongo 5 estrellas porque no me parece justo que para unos coches el servicio remoto sea gratuito y para otros cueste 80‚Ç¨ al a√±o.;Spanish;The app is really good. I love the remote control, and being able to check the vehicle status, location, activate the air conditioning before arriving at the car... I don't give it 5 stars because I don't think it's fair that for some cars the remote service is free and for others it costs ‚Ç¨80 per year.;The app is great. I love the remote control, and being able to check the vehicle's status, its location, and turn on the air conditioning before getting to the car... I'm not giving it 5 stars because I don't think it's fair that for some cars the remote service is free and for others it costs ‚Ç¨80 a year.;5;5;Tie
Le falta much√≠simo desarrollo a su app.;Spanish;It really lacks development.;Your app needs a lot of development.;3;3;Tie
"Como es usual en BMW, algo ""actualizaron"" y dej√≥ de funcionar lo poco que hac√≠a, ni siquiera abre y ""olvid√≥"" ""miBMW""";Spanish;As is usual with BMW, they updated something and it stopped working, the little it did. It doesn't even open and forgot MyBMW.;"As usual with BMW, they ""updated"" something and the little it did stopped working, it doesn't even open and ""forgot"" ""myBMW""";3;4;B
No funciona spotify, por favor rev√≠senlo, en la app anterior funcionaba algunos d√≠as,pero bueno...pero en esta jamas ha funcionado Gracias!!!!;Spanish;Spotify isn't working, please review it. In the previous app it worked some days, but well...but it's never worked in this one. Thanks!!!!;Spotify is not working, please check it. In the previous app it worked some days, but oh well... but it has never worked in this one. Thanks!!!!;4;4;Tie
Mucho peor que la anterior. Adem√°s, desde la √∫ltima actualizaci√≥n, si no permites el acceso a la ubicaci√≥n, no puedes abrirla. Connected dejaba el fondo en negro y daba informaci√≥n de la presi√≥n de las ruedas, cosa sin la que puedo pasar, pero no por tener que permitir acceso a la ubicaci√≥n. Los mapas tambi√©n funcionan peor, no s√© si han dejado de usar google, pero no encuentra los sitios igual ni tiene todos los que ten√≠a la anterior. Seguir√© usando connected hasta que la quiten.;Spanish;"Much worse than the previous one. Furthermore, since the last update, if you don't allow location access, you can't open it. Connected used to leave the background black and showed tire pressure information, something I can live without, but not for having to allow location access. The maps also function worse; I don‚Äôt know if they‚Äôve stopped using Google, but it doesn‚Äôt find places the same way or has all the ones the previous version had. I‚Äôll continue using Connected until they remove it.";Much worse than the previous one. Also, since the latest update, if you don't allow location access, you can't open it. Connected left the background black and provided tire pressure information, something I can live without, but not because I have to allow location access. The maps also work worse. I don't know if they've stopped using Google, but it doesn't find the same places, nor does it have all the ones the previous one had. I'll continue using Connected until they remove it.;4;4;Tie
Tarda much√≠simo y no da litros y autonom√≠a en todos los modelos.;Spanish;It takes forever and doesn‚Äôt show liters and range for all models.;It takes a long time and doesn't provide liters and autonomy in all models.;3;3;Tie
No me funciona desde hace meses. BMW no aporta soluci√≥n. S√≥lo que hay que esperar a la siguiente actualizaci√≥n, que no se sabe cu√°ndo saldr√°;Spanish;It hasn't worked for months. BMW doesn‚Äôt offer a solution. They just say you have to wait for the next update, which we don‚Äôt know when it will be released.;It hasn't worked for me for months. BMW offers no solution. I just have to wait for the next update, which we don't know when it will come out.;4;4;Tie
informaci√≥n al momento se est√© donde se est√©;Spanish;information at the moment wherever you may be;information at the moment wherever you are;4;3;A
Muy buena aplicaci√≥n. Puedes ver en todo momento el estado del veh√≠culo, programar la calefacci√≥n o el aire acondicionado, abrir/cerrar el coche de forma remota, ver la ruta que tienes que hacer desde el m√≥vil y enviarla al BMW,...;Spanish;Very good application. You can always see the status of the vehicle, schedule the heating or air conditioning, remotely open/close the car, see the route you need to take from your mobile and send it to the BMW,...;A very good app. You can check the vehicle's status at all times, schedule the heating or air conditioning, remotely lock and unlock the car, view your planned route from your phone and send it to your BMW, and more.;4;5;B
Muy f√°cil y muy √∫til;Spanish;Very easy and very useful;Very easy and very useful;5;5;Tie
No puedo ingresar, me indica error 3021;Spanish;I can‚Äôt log in, it shows error 3021.;I can't log in, it says error 3021;5;4;A
servicio, informaci√≥n y atenci√≥n al cliente, magn√≠ficos. Cumplimiento de plazo, impecable;Spanish;Service, information, and customer support, magnificent. Timeliness, impeccable.;Excellent service, information, and customer service. Impeccable deadlines.;4;3;A
Bastante completo y muy intuitivo;Spanish;Quite complete and very intuitive.;Quite complete and very intuitive;5;5;Tie
De nada sirve si no pagas;Spanish;It‚Äôs useless if you don't pay.;It's no use if you don't pay;4;5;B
Buena aplicaci√≥n para el control y localizaci√≥n del veh√≠culo, falta pulir detalles pero en general es bastante √∫til.;Spanish;Good app for vehicle control and location, some details need polishing but overall it's quite useful.;A good app for vehicle tracking and monitoring. It needs some work, but overall it's quite useful.;4;4;Tie
Application tr√®s conviviale et informative ... C'est vraiment fort utile.;French;Very user-friendly and informative application... It's really very useful.;Very user-friendly and informative app... It's really very useful.;4;4;Tie
Fonctionne sur x5 de 2017, mais l associer avec here au lieu de maps, c est ridicule, impossible de trouver des adresses que l on trouvait avec maps.;French;Works on a 2017 x5, but pairing it with HERE instead of Maps is ridiculous, impossible to find addresses that were found with Maps.;Works on x5 from 2017, but associating it with here instead of maps is ridiculous, impossible to find addresses that we found with maps.;4;4;Tie
Excellente application : l'essentiel au creux de la main üòâ;French;Excellent app: the essentials at your fingertips üòâ;Excellent application: the essentials in the palm of your hand üòâ;5;5;Tie
tr√®s bien dans l'ensemble;French;very good overall;very good overall;5;5;Tie
Une excellente application qui donne des renseignements tr√®s utiles en temps r√©el.;French;An excellent app that provides very useful real-time information.;A great app that provides very useful information in real time.;5;4;A
"Nul ! D√®s que vous l'ouvrez on vous demande de changer de mot de passe puis de s'identifier 2x et il faut faire les mises √† jour etc donc il faut d√©ja 20minutes pour pouvoir avoir une app qui fonctionne bref apr√®s faut se connecter au wifi de la voiture qui te dit qu'il n'y a pas de conection alors que tu es parfaitement connect√©, bref cet app est pire qu""une banque pour rien, car en plus elle ne fonctionne pas donc totalement inutile !";French;Terrible! As soon as you open it, you‚Äôre asked to change your password then identify yourself 2x and you have to do the updates etc so it already takes 20 minutes to get an app that works, briefly. Then you have to connect to the car's Wi-Fi which tells you there‚Äôs no connection when you‚Äôre perfectly connected. Briefly, this app is worse than a bank for nothing, because on top of that it doesn't even work, so totally useless!;Zero! As soon as you open it you are asked to change your password then to identify yourself 2x and you have to do the updates etc. so it already takes 20 minutes to be able to have an app that works in short after you have to connect to the car wifi which tells you that there is no connection while you are perfectly connected, in short this app is worse than a bank for nothing, because in addition it does not work so totally useless!;4;3;A
Excellente appli pour g√©rer un v√©hicule BMW, fonctionnelle et bien con√ßue !;French;Excellent app for managing a BMW vehicle, functional and well-designed!;Excellent app for managing a BMW vehicle, functional and well designed!;4;5;B
Encore d√©connecter est plus possible de ce connecter alors que cela fonctionne sur le site Web via bmw.fr;French;It‚Äôs still impossible to reconnect, even though it works on the website via bmw.fr;It is still possible to disconnect and connect, although it works on the website via bmw.fr.;4;3;A
Pratique mais pourrait encore √™tre am√©lior√© (suivi des consommations en plus des recharges);French;Practical but could still be improved (consumption tracking in addition to charging).;Practical but could still be improved (monitoring of consumption in addition to refills);4;5;B
Bmw serie 1 de 2021 : Je trouve l'application au top üëç;French;BMW 1 Series 2021: I find the app top üëç;2021 BMW 1 Series: I think the app is great üëç;3;5;B
Depuis le 1er septembre l'application s'est d√©connect√©e de la voiture sans raison apparente. J'ai supprim√© et r√©install√© l'application sans succ√®s. Pourtant quand je suis dans la voiture un message de connection Bluetooth et WiFi est affich√© par l'application sur mon t√©l√©phone.;French;Since September 1st, the app has been disconnecting from the car for no apparent reason. I‚Äôve deleted and reinstalled the app unsuccessfully. Yet when I‚Äôm in the car, a Bluetooth and WiFi connection message is displayed by the app on my phone.;Since September 1st, the app has disconnected from the car for no apparent reason. I have deleted and reinstalled the app without success. However, when I am in the car, a Bluetooth and WiFi connection message is displayed by the app on my phone.;4;4;Tie
Bonne application qui m√©riterait d'√™tre plus compl√®te. Je mets 4 √©toiles car les fonctions avanc√©es et tellement utiles sont manquantes. (niveau adBlue et lave glace, pression des pneumatiques). J'esp√®re que l'√©quipe de d√©veloppeurs comblera rapidement ces lacunes.;French;Good app that deserves to be more complete. I'm giving it 4 stars because the advanced and so useful functions are missing (AdBlue and washer fluid level, tire pressure). I hope the development team quickly fills these gaps.;Good app that deserves to be more comprehensive. I'm giving it 4 stars because it lacks advanced and very useful features (AdBlue and windshield washer fluid levels, tire pressure). I hope the development team will quickly address these shortcomings.;4;5;B
Appli bidon qui n apporte pas grand chose;French;Useless app that doesn't bring much.;Fake app that doesn't add much;3;5;B
simple, fluide manque n√©anmoins des options.;French;simple, fluid, but lacking options.;simple, fluid but lacks options.;4;4;Tie
tr√®s pratique et bien con√ßu;French;very practical and well designed;very practical and well designed;5;5;Tie
Il est regrettable de d'avoir un smartphone derni√®re g√©n√©ration pour pouvoir utiliser une application.;French;It‚Äôs regrettable to need a latest-generation smartphone to be able to use an application.;It is unfortunate that you have to have a latest generation smartphone to be able to use an application.;3;3;Tie
Application bien faite certes avec fonctions basiques mais tout a fait suffisantes. Enfin depuis la derniere MAJ via remote software update (ce matin), la voiture ne veut m√™me plus mettre a jour les infos de localisation, trajets, utilisateurs,... on dirait qu elle n a simplement plus acc√®s a internet. Pour info, la voiture n a pas encore 6 mois.;French;Well-made application, certainly with basic functions but entirely sufficient. Finally, since the last update via remote software update (this morning), the car no longer wants to update the location, journeys, users' information,... it‚Äôs as if it no longer has access to the internet. For your information, the car hasn't been out for less than 6 months.;A well-made application, certainly with basic functions, but quite sufficient. Finally, since the last update via remote software update (this morning), the car no longer even wants to update location information, routes, users, etc. It seems like it simply no longer has internet access. For your information, the car is not yet 6 months old.;2;4;B
application permettant d'interagir efficacement avec le v√©hicule;French;application allowing for effective interaction with the vehicle;application allowing effective interaction with the vehicle;4;4;Tie
"Abonnements √† des tarifs exorbitants pour des services bien souvent offerts dans d'autres marques moins ""prestigieuses"" .....L'acc√®s √† de simples informations sur le v√©hicule ou l'envoi d'une destination au GPS et m√™me la MAJ du GPS n√©cessite maintenant un abonnement sur mon v√©hicule de plus de 3 ans, d√©cevant √† l'heure ou toutes les MAJ d'applications Android ou IOS ou autres objets connect√©s sont totalement gratuites....";French;Subscriptions at exorbitant prices for services often offered by other, less prestigious brands‚Ä¶ Access to simple vehicle information, sending a destination to the GPS, and even GPS updates now requires a subscription on my vehicle that's over 3 years old ‚Äì disappointing at a time when all updates for Android or iOS applications or other connected objects are completely free‚Ä¶;"Subscriptions at exorbitant prices for services often offered in other, less ""prestigious"" brands ..... Access to simple information on the vehicle or sending a destination to the GPS and even the GPS update now requires a subscription on my vehicle which is more than 3 years old, disappointing at a time when all the updates of Android or IOS applications or other connected objects are completely free....";4;4;Tie
Super application qui vous tient inform√© de l'√©tat du v√©hicule et de sa position.;French;Great app that keeps you informed about the vehicle's status and location.;Great app that keeps you informed of vehicle status and location.;4;4;Tie
Bon le d√©verrouillage digital key toujours pas dispo, la derni√®re mise √† jour disait qu'il √©tait dispo rien. Oui j'ai la bmw digital key sur ma voiture. Mais pas presser du c√¥t√© des d√©veloppeurs de corriger le probl√®me. Je trouve que pour du 4,6/5 c'est un peut surcote pour ce que c'est il manque trop de fonction, alors qu'on pourrais faire bien plus.;French;Well, the digital key still isn't available, the last update said it was available, nothing. Yes, I have the BMW Digital Key on my car. But not in a hurry on the developers' side to fix the problem. I find that for a 4.6/5 it's a little overrated for what it is, too many functions are missing, when we could do so much more.;Well, the digital key unlocking is still not available, the last update said it was available, nothing. Yes, I have the BMW digital key on my car. But there's no rush on the developers' side to fix the problem. I think that for 4.6/5 it's a bit overrated for what it is, it's missing too many functions, while we could do a lot more.;4;4;Tie
Je peux contr√¥ler mon v√©hicule √† distance. R√©gler la temp√©rature de l'habitacle avant de partir, v√©rifier si tout est en ordre, son niveau de charge.... je peux regarder son environnement ext√©rieur ou int√©rieur gr√¢ce aux cam√©ras int√©gr√©es.... Vraiment tr√®s simple d'utilisation !;French;I can remotely control my vehicle. Adjust the cabin temperature before leaving, check if everything is in order, its charging level.... I can view its exterior or interior surroundings thanks to the integrated cameras.... Really very simple to use!;I can control my vehicle remotely. Adjust the cabin temperature before leaving, check if everything is in order, its charge level... I can look at its exterior or interior environment thanks to the integrated cameras... Really very easy to use!;4;4;Tie
Impossible de charger la derni√®re mise √† jour du software de la voiture. Et on est oblig√© de passer par cette appli inutile pour le faire. Merci BMW.;French;Impossible to load the latest software update for the car. And we're forced to go through this useless app to do it. Thanks, BMW.;Unable to load the latest car software update. And we have to use this useless app to do it. Thanks, BMW.;5;5;Tie
application tr√®s utile, fonctionnelle, permet d'avoir toutes les informations sur le v√©hicule en temps r√©el.;French;Very useful application, functional, allows you to have all vehicle information in real time.;very useful, functional application, allows you to have all the information on the vehicle in real time.;4;4;Tie
Tr√®s pratique, contr√¥le du v√©hicule √† tout moment.;French;Very practical, vehicle control at any time.;Very practical, vehicle control at any time.;3;4;B
Bonne application pour trouver les bornes √©lectriques üëç;French;Good app for finding charging stations üëç;Good app for finding electrical terminals üëç;5;5;Tie
plus rien ne fonctionne et en plus il me dis toujours que j'ai une fen√™tre ouverte c'est vraiment chiant.;French;Nothing works anymore, and on top of that, it keeps telling me I have a window open. It‚Äôs really annoying.;nothing works anymore and what's more it always tells me that I have a window open, it's really annoying.;4;4;Tie
"Depuis la mise a jour, impossible de se connecter. Il y a un message qui me dit ""pas de connexion internet"" alors que j'ai la 4g. Dommage car elle fonctionnait avant. D√©√ßu.";French;Since the update, it‚Äôs impossible to connect. There's a message telling me no internet connection even though I have 4G. A shame because it worked before. Disappointed.;"Since the update, I've been unable to connect. There's a message saying ""no internet connection"" even though I have 4G. Too bad because it worked before. Disappointed.";4;5;B
Ne se connecte pas bien au v√©hicule contrairement √† la pr√©c√©dente application (bmwi3) Du coup , pas possible de lancer le pr√©chauffage ... Bref pas terrible du tout;French;Doesn't connect well to the vehicle unlike the previous app (bmwi3). So, it‚Äôs not possible to start the preconditioning... Briefly, it‚Äôs really not great at all.;Does not connect well to the vehicle unlike the previous application (bmwi3) As a result, it is not possible to start preheating... In short, not great at all;4;5;B
Pour un v√©hicule √©lectrique appli d√©cevante par rapport √† l'ancienne version : pas de jauge de niveau de charge batterie, pas de mode Edrive.. je d√©sinstalle;French;For an electric vehicle, a disappointing app compared to the previous version: no battery charge level gauge, no eDrive mode‚Ä¶ I‚Äôm uninstalling.;For an electric vehicle, the app is disappointing compared to the old version: no battery charge level gauge, no Edrive mode... I'm uninstalling;4;4;Tie
