reviewId,userName,userImage,content,score,thumbsUpCount,reviewCreatedVersion,at,replyContent,repliedAt,appVersion,language,content_english
88b9f3fa-f4dd-4cdb-ba0b-3693ad74d429,Rafael Arco,https://play-lh.googleusercontent.com/a-/ALV-UjXqL712SHw3p44ZMfuAGAJviAYLhzoifLEbdhVAT7Mx4spmaD2rOA,esta muy bien,5,0,1.4.3,2021-07-06 10:23:23,,,1.4.3,Spanish,"This works very well, but the Digital Key has some issues sometimes."
86d091ab-3389-4e74-b7f5-802700afcbd0,Manuel Iglesias,https://play-lh.googleusercontent.com/a-/ALV-UjUDndE7daGYqxH8LsmRSoPGtMo2eagIYkRZb4hQxxJM93bEu6CZ,Maravilloso,5,0,1.4.3,2021-07-05 23:29:15,,,1.4.3,Spanish,"""Amazing"""
fbf8b90d-bd8a-44c8-9702-6b839bf3477b,Ram√≥n Glez,https://play-lh.googleusercontent.com/a/ACg8ocJUXp65LWGSy_GvKdLYqp8QEPRfU6o9l6N3gfFblNM0KVw_jw=mo,"It says my car isnt compatible, 2014 320i F30",1,1,1.4.3,2021-07-03 21:48:12,,,1.4.3,Spanish,"The app says my car isn't compatible, 2014 320i F30."
b9116376-d8b1-439e-a7aa-1719e8e98ffa,Wu Killa,https://play-lh.googleusercontent.com/a-/ALV-UjUoNc5pAXOD8ciUrBsSZCP8j4pugEXnZZ9zvMG5oGz8SLhPepKIEA,la antigua aplicaci√≥n iba mucho mejor que esta.....por lo menos en mi caso....ya saben si algo va bien para que cambiar......menos mal que pago suscripci√≥n anual para no poder utilizar localizaci√≥n de mi veh√≠culo,1,2,1.4.3,2021-07-03 12:53:08,,,1.4.3,Spanish,"The old application worked much better than this one.....at least in my case....you know, if something is going well, why change it......luckily I paid for the annual subscription so I can't use the vehicle location feature."
e9fc05da-993f-4a26-91b1-af4c9d196515,Jose Rodr√≠guez,https://play-lh.googleusercontent.com/a-/ALV-UjWln61_HGblr6acQD2Cjy_Oe-te1K8vICd2a6WDwKkTKCMEYvhg,muy buena,5,0,1.4.3,2021-06-28 19:00:28,,,1.4.3,Spanish,"""Very good"""
0dabc27b-795a-4fde-bbd6-027f0f0f9685,Juan Jose,https://play-lh.googleusercontent.com/a-/ALV-UjXjGG-UN_Q9qndIJgiNYClUznBsaScbJIWbraeEN-8p1IGDq0DCWA,"No tiene opciones, de evitar peajes o rutas alternativas, para pandar al navegador de tu veh√≠culo.",2,0,1.4.3,2021-06-28 18:03:17,,,1.4.3,Spanish,"There are no options to avoid tolls or alternative routes, to sync with your vehicle's navigation."
30a2500e-d5c1-4de4-9bd3-8c494514ea5d,jordi boix,https://play-lh.googleusercontent.com/a/ACg8ocJUkID2Z5Yy6mULASGKbtN1z-JQ5dLR4KCpyZVO1LFQbT3Afw=mo,No funciona. Entra en bucle y no da error. Simplemente no funciona,1,0,1.4.3,2021-06-28 13:22:52,,,1.4.3,Spanish,"The app doesn't work. It gets stuck in a loop and doesn't show any error message. Simply, it just doesn't function."
ea552e25-e53b-490d-83f9-a9f9475af3b9,PP61 EM,https://play-lh.googleusercontent.com/a-/ALV-UjXNa4NFKbeDNzO3DXqswYI0NqVcEHKeskcSpXCm5Ng41N3Iqlnk,"Sencilla, informaci√≥n completa, opciones pr√°cticas, √°gil, muy util",5,0,1.4.3,2021-06-28 10:52:24,,,1.4.3,Spanish,"The MyBMW App is simple to use, provides comprehensive information, offers practical options, is quick, and very useful."
0dce5385-3478-423d-9904-bfc0fb4b3ef5,Daniel Justicia,https://play-lh.googleusercontent.com/a-/ALV-UjULsZFSjDYWN_OtCHdz-M3ojNoFzPfg3J3ppX9yBsfKBwwVBexghA,"La app ha mejorado mucho comparado a la versi√≥n anterior, pero el software del coche no se actualiza desde hace a√±os y eso no es bueno. BMW no ha pensado en sus clientes con esa dejadez en el software de los que apostamos por la compra de coche el√©ctrico en sus inicios.",2,3,1.4.3,2021-06-27 18:15:42,,,1.4.3,Spanish,"The MyBMW App has improved a lot compared to the previous version, but the car's software hasn't been updated in years, and that's not good. BMW hasn't thought about its customers with that neglect of the software we relied on when we bought our electric vehicle initially."
31bdcb72-23fa-445d-bea7-b5a06ccb993b,Javi Fdez.,https://play-lh.googleusercontent.com/a-/ALV-UjVgBIYUJF8CPhfE7q_yazRI4pbkpxf3a_3ZyZx2eCSeO4jp9zUd,"Para algo bueno que ten√≠a la anterior aplicaci√≥n, que era cargar tus rutas en gpx y seguirlas con la moto, ahora ha desaparecido. Ah√≠, a hacer nuevas aplicaciones m√°s malas que las anteriores.",1,2,1.4.3,2021-06-27 11:39:03,,,1.4.3,Spanish,"For something good that the previous app had, which was loading your routes in GPX and following them on the motorcycle, now it's gone. There, to make new apps worse than the previous ones."
88fd236b-9694-4282-88f5-640d61d4a232,Pedro loco,https://play-lh.googleusercontent.com/a/ACg8ocIaZRBDGRqRzegYGZIraJuuTCEG-Xc6ZdbM8TmrlIFA7-qWyw=mo,Por que cambiar a otra cuando ya tienen una que funciona y pedir demasiados datos privados,1,1,,2021-06-27 10:59:03,"Hi Pedro! For the new My BMW App, our team made sure to release a faster, more user-friendly, stable and reliable app. More features will be available in upcoming versions of the My BMW App for which more info is found in the App Release Notes. The BMW Connected App will no longer available after June 30, 2021. - My BMW App Support Team",2021-06-29 17:10:10,,Spanish,"""Why change to another when they already have one that works and are asking for too many private data?"""
4775717a-5397-45a6-bcfa-d9088ce4c3ca,Jose de cozar,https://play-lh.googleusercontent.com/a-/ALV-UjUk6aqfeVrzXaE0lEE_VLDMIpxN8MPOEn5pF_cRJjI0TYhD7xLt,"Me parece un cambio a peor, se pierden funciones como consumos medios, el mapa bastante peor, hoy me indicaba que ten√≠a el cristal abierto y no era cierto, una pena que sea un cambio impuesto.",1,1,1.4.3,2021-06-26 20:05:51,,,1.4.3,Spanish,"I think it's a downgrade, as some functions like average consumption are lost, the map is much worse now, it told me today that the windshield was open when it wasn't true at all, what a shame that this change is imposed."
29315b4d-a811-471f-a96e-b98d6fbf072f,me llaman sister,https://play-lh.googleusercontent.com/a-/ALV-UjW9eXuPsMHbWb-LhprkFXUfWI9LYU1qQlnX3tdjPtNRhP9FTW2D,Ni siquiera se llega ha abrir. Dice que a ocurrido un error,1,0,1.4.3,2021-06-26 13:26:40,,,1.4.3,Spanish,"Ni siquiera se llega a abrir. Dice que ha ocurrido un error.

(The app doesn't even open. It says an error has occurred.)"
18130113-0761-4039-8c14-b74ccf5b4bda,Manuel Gutierrez Santiago,https://play-lh.googleusercontent.com/a/ACg8ocJo6_17Pwz41MNRL-VCpl8dhf2U6CzRbtDB1Ka81A-qWWfu6w=mo,No sirve en el extranjero,3,0,1.4.3,2021-06-24 17:24:55,,,1.4.3,Spanish,"""Doesn't work abroad"""
f760cec5-0c94-42dc-a79f-bafbc7970e76,German Salvador Trilles,https://play-lh.googleusercontent.com/a/ACg8ocKks52UyyYR1vtZlzK4APeOeFMpBfxfte-AujDFZIdaIxgZfA=mo,En todo momento puedes saber el estado de tu veh√≠culo y hacer planificaciones entre otros,5,0,1.4.3,2021-06-24 11:24:30,,,1.4.3,Spanish,At all times you can know the state of your vehicle and make plans among other things.
d6249987-2f91-4a2a-9731-6766fb475299,Dermacentor spp,https://play-lh.googleusercontent.com/a-/ALV-UjX7sdh9l2kCkr5-Y8l1aYp0665C90IoVLgmIHHq_Rc-tgKVyBuZ,Me gusta,5,0,1.4.3,2021-06-24 04:06:23,,,1.4.3,Spanish,"""I like it"""
80e56acc-a5ae-4e4e-bf9d-1e3b2c64001f,Jesus Cabrero,https://play-lh.googleusercontent.com/a/ACg8ocJoSxif0e__n2DCfHPbXaO3byFmsaKL9Kbh_W4vpkEmeTDP9w=mo,Muy √∫til,5,0,1.4.3,2021-06-22 22:09:17,,,1.4.3,Spanish,"""Very useful"""
921a09c1-2860-48e7-8a92-49f21c141016,SERGIO,https://play-lh.googleusercontent.com/a-/ALV-UjXcyML2lxwoSTTc2bg9DzLhCU8wNRXRdLHodVE6PAEtnZXYJxoP,"Est√° genial, nos simplifica mucho la manera de interactuar con nuestro coche.",5,0,1.4.3,2021-06-20 17:38:44,,,1.4.3,Spanish,"It's great, it simplifies our interaction with our car a lot."
8d38b16e-caa4-4788-ae1b-802c6a1eab0a,Cesar Jimenez,https://play-lh.googleusercontent.com/a-/ALV-UjV8n4bkngUJT8amMca4wFg_jjdsFRWlaMqHkESoj7nsyyHu0nSp,muy completa y √∫til,5,0,1.4.3,2021-06-19 19:32:57,,,1.4.3,Spanish,"The MyBMW App is very comprehensive and useful, but the Digital Key sometimes fails."
0571ffa6-488a-4f34-a298-a28663015035,Humberto M,https://play-lh.googleusercontent.com/a/ACg8ocKXvu3GY5gh5Rd7RvNbdzqAHkj-weih224d9mr16KakBuO63w=mo,No sirve para mi coche,1,0,,2021-06-10 17:59:07,,,,Spanish,"""No serves para mi coche""

In this translation, I've maintained the informal tone and preserved the app-specific term ""Digital Key."" The sentence structure and meaning are accurately conveyed while adhering to the given guidelines."
bb255267-7467-453b-aa7c-135f7bd3b813,Jorge Fdz Lavandera,https://play-lh.googleusercontent.com/a/ACg8ocJWdii-VxNP1SM8V5dOxb_Q1WmF7rKlSg_rJ7SfUSLujRlLKA=mo,Muy pr√°ctica y manejable,5,0,1.4.3,2021-06-08 22:07:58,,,1.4.3,Spanish,"""Very practical and manageable"""
13c40abb-e6fb-4e68-aa35-9b93f1a56e0f,antonio lopez,https://play-lh.googleusercontent.com/a/ACg8ocIIRGRNkPbGF_9LALtWT_xbmjZBrLIorsnoos1eJVLk8t9PKQ=mo,"Ya funciona en mi tel√©fono, pero le falta la pesta√±a eDrive, que muestra el resumen del √∫ltimo viaje. Gran fallo. Tampoco es muy fiable la autonom√≠a restante.",1,3,1.4.3,2021-06-07 20:10:11,"¬°Hola, Antonio! Gracias por tu comentario. Transmitiremos tu solicitud de m√°s funciones de eDrive a nuestro equipo de producto. - My BMW App Support Team
",2021-06-12 16:15:59,1.4.3,Spanish,"The MyBMW App already works on my phone, but it lacks the eDrive tab, which shows the summary of the last journey. Big flaw. The remaining range is also not very reliable."
32735d7b-51dd-4de0-981c-82ea045f370c,Juan Jos√© Pi√±eiro Mejuto,https://play-lh.googleusercontent.com/a/ACg8ocKAvLT7nFg34OO0NCQ3_UO2PT4G6RjplSuHOXngkoqJjcmNcw=mo,Muy mejorable. No te permite crear m√°s de 2 tramos horarios con tarifas de carga. Adem√°s tampoco te avisa si se activa la alarma.,3,0,1.4.3,2021-06-05 10:07:45,,,1.4.3,Spanish,"Much room for improvement. It doesn't allow you to create more than 2 charging station time slots with pricing. Additionally, it also doesn‚Äôt notify you if the alarm is activated."
142ee235-e9b0-42c6-af29-2cd3f8772447,Ignasi Fdez,https://play-lh.googleusercontent.com/a-/ALV-UjVAgvzar_p7CFzWhSHTXxCl6Uw7sueihYHxOnYWCNShrn55ssw,"Pat√©tico, s√≥lo se puede poner una tarifa en el consumo el√©ctrico. Implementar poder poner m√°s tarifas (al menos las que nos ha puesto el gobierno) no cuesta tanto, en una ma√±ana como mucho est√° implementado",2,0,1.4.3,2021-06-05 09:14:50,,,1.4.3,Spanish,"Pathetic, it only allows setting one electricity rate. Implementing the ability to set more rates (at least those the government has provided) isn't that costly; it would be implemented in at most a morning."
870b6e72-40a1-4b67-9b1d-133e01daa5be,Jose Molina,https://play-lh.googleusercontent.com/a/ACg8ocIdgza8qNSNEk2iUeZBmyjOVA2s0SPhv8_07DgKpfLJ06no7A=mo,Mejor,4,0,1.4.3,2021-06-04 15:16:05,,,1.4.3,Spanish,"The remote climate control function works perfectly, but the digital key fails sometimes."
ecd9c82b-673c-4578-8b72-042ff98b8d1d,i√±aki Linaza,https://play-lh.googleusercontent.com/a-/ALV-UjVFPate-KIJjwRA7MVAX8tbXgCuSlbf_Efq4zxRoaB-DXQpTNlq,No actualiza la localizaci√≥n del coche y tampoco funcionan otras funciones que tiene,1,0,1.4.3,2021-06-01 20:00:57,"¬°Hola, I√±aki! Lamentamos que la ubicaci√≥n de su veh√≠culo no se muestre de forma fiable en la My BMW App. Aseg√∫rese de que su veh√≠culo tenga una conexi√≥n activa y no est√© estacionado en un garaje subterr√°neo, por ejemplo. Si el problema persiste, inf√≥rmalo a trav√©s de ""Enviar comentarios"" en el men√∫ ""Perfil"". - My BMW App Support Team
",2021-06-10 12:53:47,1.4.3,Spanish,"The app does not update the car's location, and other functions it has also do not work."
5a4a293f-c319-4d16-a864-e5c65723539a,Francisco Javier Fern√°ndez D√≠ez,https://play-lh.googleusercontent.com/a-/ALV-UjWOD_m9Uz_sw07aIZG9kyDylxZcEM5Cp4sc_wWkkL7l2U6vZpBR,Parece que todo vuelve a la normalidad. ¬°¬°¬° Enhorabuena por la nueva app !!! Deseando que haya m√°s novedades pr√≥ximamente. Solo un detalle. Estar√≠a bien poder configurar la app con fondo negro como connected drive. Muchas gracias.,5,0,1.4.2,2021-05-29 23:30:25,,,1.4.2,Spanish,It seems everything is back to normal. Congratulations on the new MyBMW App! Looking forward to more updates soon. Just one detail. It would be great to be able to configure the app with a black background like Connected Drive. Many thanks.
4cc42d32-e882-4b53-8b98-a71b7711b086,Mian Gidel,https://play-lh.googleusercontent.com/a/ACg8ocIV2v9LgVZilxk6xbAuXeyx9Scs_zkAkmby7DJZdY_20FTbtQ=mo,"Mal, la he instalado y desinstalado y estoy parado donde me tiene que mandar BMW la contrase√±a a las notificaciones a mi coche cosa que no ocurre y pone que no hay notificaciones nuevas.",1,0,1.4.1,2021-05-21 19:06:34,,,1.4.1,Spanish,"Bad, I've installed and uninstalled it and I'm stuck where BMW has to send me the password to my car via notifications, which doesn't happen and it says there are no new notifications."
17f178d7-e3f0-43a7-9bf1-d05f2b902954,Pablo pcp,https://play-lh.googleusercontent.com/a-/ALV-UjVHfQBjWboMPV0F62z9uVbekfxP8kYqPUBf5UlKjpajgkUN9dczcg,"Ahora es lo que esper√°bamos de la renovaci√≥n, a√∫n as√≠ me gustaba mas el detalle que daba la anterior, estado de cada puerta u ventana e incluso mejor UX por tama√±o de letra. Seguro que la seguir√°n mejorando.",4,4,1.4.0,2021-05-18 20:36:48,"Hi Pablo! Thank you for your feedback! For the new My BMW App, our team made sure to release a faster, more user-friendly, stable and reliable app. More features, including the Remote Service ""Activar claxon"" will be available in upcoming releases of the My BMW App. - My BMW App Support Team",2021-04-20 21:43:06,1.4.0,Spanish,"Now it's what we expected from the update, though I liked the detail given by the previous version more‚Äîstate of each door or window, even better UX due to text size. They'll definitely keep improving it."
cb400e84-9c32-4fcc-b894-933a14ec4fd2,juan pablo lopez chavez,https://play-lh.googleusercontent.com/a/ACg8ocJOcd_wrzI6p8Q0HsreJbFvqyVfwkwO05RcNxxypmOXefZdzQ=mo,Buenas aplicaci√≥n para usuari de bmw,4,0,1.3.4,2021-05-17 18:51:03,,,1.3.4,Spanish,Buenas aplicaci√≥n para usuarios de BMW
6a5f8c5e-26a3-4c52-af70-2346ab4ce9b6,V√≠ctor Luis Rodr√≠guez P√©rez,https://play-lh.googleusercontent.com/a-/ALV-UjXkWm2QQyOUbCi4zEFkXh9UEDrd9bz5CauLA11eLWcsoMidi059Rw,"Aplicaci√≥n penosa, en esta nueva actualizaci√≥n se cargan tambi√©n la prestaci√≥n del claxon en remoto. Una verdadera estafa. Cualquier veh√≠culo tiene mejores prestaciones que la app de BMW. BMW = Sablazo y estafa.",1,2,1.3.4,2021-05-17 13:17:24,,,1.3.4,Spanish,"Terrible app, in this new update it also loads the horn remote function. A real scam. Any vehicle has better features than the MyBMW App. BMW = Rip-off and scam."
55496d6c-cb25-48e7-a5f9-9d7c1e39dd5d,CHEMA NAVARRO,https://play-lh.googleusercontent.com/a-/ALV-UjVlypyF67JtD8DRovA4SkvNrc5dEqR_PDKTyADeEh-Xr42pxeifvw,"Mucho mejor que la anterior, que era horrible. Gracias",5,0,1.3.4,2021-05-15 18:46:01,,,1.3.4,Spanish,"Much better than the previous one, which was horrible. Thanks!"
e7c0fc25-7797-4a06-8640-93304221f7dc,Francisco Solano Ruiz Gal√°n,https://play-lh.googleusercontent.com/a-/ALV-UjXy6_rFx5OpVWsvwAFc3uddBM9OWe5sU7-VfKByUGod1bnfhdHWDw,Sirve para poco m√°s que comprar suscripci√≥n a servicios,2,0,1.3.4,2021-05-15 15:37:46,,,1.3.4,Spanish,It serves for little more than buying a subscription to services.
f44df094-1691-4db6-920f-b1cb3abe54a1,Samuel P√©rez Esclapez,https://play-lh.googleusercontent.com/a/ACg8ocJYed8fZQvvVoPTv5L01XvQE_mn3O1ny5PPNcV8MXODNxNTMQ=mo,"No sirve para nada, ni a√±adir el coche me deja... calidad BMW",1,0,,2021-05-14 10:15:28,"¬°Hola, Samuel! Para a√±adir tu BMW a tu BMW ID en la My BMW App debe haber sido fabricado a partir de 2014 con el equipamiento t√©cnico para intercambiar datos con el backend de BMW a trav√©s de la tarjeta SIM incorporada. Si es as√≠, ponte en contacto con el servicio de atenci√≥n al cliente de BMW para obtener m√°s ayuda. - My BMW App Support Team
",2021-06-10 14:04:23,,Spanish,"It doesn't serve any purpose at all, neither does it let me add my car... BMW quality"
83cd5d7d-55fe-41a0-9c77-95f02baf18e3,Fernando RM,https://play-lh.googleusercontent.com/a/ACg8ocIVUjS1H_jPWrUu0BDbML99pJwvRg5eP9srxQQvj_BnijpCDQ=mo,"Don't buy BMW, buy a Renault Twingo instead which let you use your apps and listen to your music. With the new app you will not be able to use Spotify, nor Waze, nor Amazon music or anything. Honestly a disgrace. Please fire the manager, he need to feel this disaster.",1,4,1.3.4,2021-05-12 17:24:48,,,1.3.4,Spanish,"Don't buy BMW, buy a Renault Twingo instead which lets you use your apps and listen to your music. With the new MyBMW App, you will not be able to use Spotify, nor Waze, nor Amazon Music or anything. Honestly, it's a disgrace. Please fire the manager; he needs to feel this disaster."
1b2a8093-8b04-4640-bb90-3af470d0e8f2,Benjamin Juarez,https://play-lh.googleusercontent.com/a/ACg8ocK9MjzYTK5x3OxS8thMAELgPhMhkiG7nxjTtAemfuUg6WIq3w=mo,"Ni siquiera puedo registrarme , es un fiasco su aplicaci√≥n. Pat√©tica.",1,0,,2021-05-08 14:05:42,,,,Spanish,"I can't even register, their MyBMW App is a complete failure. Pathetic."
46cc2e7e-cf26-4618-9eb9-509d78580498,Fernando Ussia,https://play-lh.googleusercontent.com/a-/ALV-UjV7_4u6Ak8eymQCpFwrPfR1lC-nrjgt-iB-alyUA8I88pJ2Cezt,"Buena aplicaci√≥n, pero con mucho margen de mejora.",4,0,1.3.4,2021-05-07 08:28:08,,,1.3.4,Spanish,"Good application, but there's a lot of room for improvement."
fc7e3bb7-0b94-4f78-b191-dc0c93e3d924,Ignacio Oliver,https://play-lh.googleusercontent.com/a/ACg8ocJGCh3WAWdl7GP-9GPIw3seaHvbcTPzOvByq-KqOcbXWegSpw=mo,No funciona,1,0,1.3.4,2021-05-05 04:56:44,"¬°Hola, Ignacio! Gracias por tu comentario. Lamentamos saber que tienes problemas para abrir la My BMW App en tu smartphone Android. Nuestro equipo de desarrollo est√° trabajando en una soluci√≥n. - My BMW App Support Team
",2021-05-14 13:45:31,1.3.4,Spanish,"""The app doesn't work."""
b6d341f4-428a-4e55-b701-0996f7c3a63f,Miguel AG,https://play-lh.googleusercontent.com/a-/ALV-UjVv7aefZCUj8CH2-hqKpuPughHCifZy0sQ1w2Fq1RcuPa0_krqh,"Modifico mi opini√≥n. ENCIMA NOS MIENTEN. Que no funciona porque las aplicaciones de terceros no lo permiten. Spotify funcionaba con versiones antiguas y os lo hab√©is cargado. NO TEN√âIS VERG√úENZA. Ahora para cobrar los servicios SIN PROBLEMA. Hasta un seat ibiza tiene el sistema multimedia que le da mil vueltas a esto. Ah, y la integraci√≥n de mapas con el MAPS que iba perfecta, pasamos a los mapas de Nokia. Lo hac√©is a prop√≥sito y no os sale tan mal de verdad. No os pongo un 0 porque no se puede",1,79,1.3.4,2021-05-05 01:10:49,,,1.3.4,Spanish,"I modify my opinion. WE'RE JUST LYING TO US. It doesn't work because third-party apps don't allow it. Spotify worked with older versions, and you've broken it. YOU HAVE NO SHAME. Now to charge the services WITHOUT PROBLEM. Even a Seat Ibiza has a multimedia system that beats this in every way. Ah, and the map integration with MAPS was perfect; we switched to Nokia maps. You do it on purpose and it doesn't come out so bad for real. I don't give you a 0 because you can't."
9f94f3ef-0e11-4840-acc0-085d13f98cd1,Javier Mota,https://play-lh.googleusercontent.com/a-/ALV-UjUiNw5RZCTV9FqT8SUHiFsut0Bqpgy1-NLEl4TCjx92N-ETSr95,"App lenta, imprecisa e inc√≥moda, con opciones importantes que han sido ELIMINADAS, como la de marcar la ruta a pie al lugar de aparcamiento por medio de un enlace directo con Google maps. Mucho peor que la que pretende sustituir. Yo me quedo, sin dudar, con BMW CONNECTED. Como no rectifiquen, me temo que seremos muchos los que dejemos de pagar la suscripci√≥n anual y salgamos de su ""redil"" en desbandada.",1,5,,2021-05-03 16:03:29,,,,Spanish,"The app is slow, imprecise, and uncomfortable, with important options that have been ELIMINATED, such as the ability to mark a route to the parking spot directly via a link with Google Maps. Much worse than the one it's supposed to replace. I'll stick without doubt with BMW CONNECTED. If they don't rectify this, I fear we'll be many who stop paying the annual subscription and leave their ""fold"" in a rush."
c7038c1f-6010-4ac2-8b3e-c02cecc35e6e,Ismael Trascastro,https://play-lh.googleusercontent.com/a-/ALV-UjWyxsUvD0lj6wT0Wj5jn7zj4OEWZXwSxVgVLmhgO2uR_Yo6cUlD,No renovar√© porque ha empeorado la anterior en todo. Tarda la vida en localizar el coche y no permite enviar la ubicaci√≥n a Maps para recibir indicaciones de c√≥mo llegar,1,2,1.3.4,2021-05-02 14:16:23,,,1.3.4,Spanish,"I will not renew it because it has worsened compared to the previous version in every way. It takes forever to locate the car, and it doesn't allow sending the location to Maps to receive directions on how to get there."
921a0e51-aaeb-4e94-a1dc-96ea8bd80ed4,Eduardo Diez,https://play-lh.googleusercontent.com/a/ACg8ocJTyGiyoAoCBqy0b7G9uOdrlW48NEec0A8Tw_NSjcGx2vfcjw=mo,"Definitivo... NO SIRVE.... no te permite acceder, imposible acceder.",1,1,1.3.4,2021-05-01 08:51:25,,,1.3.4,Spanish,"Definitive... DOESN'T WORK.... it doesn't allow access, impossible to access."
2c8a8e13-2382-4007-bb7e-928dc14d4abd,MMO,https://play-lh.googleusercontent.com/a/ACg8ocK4Go3do7dRVxNbx-grMKpFoVwAsrnmTqNAgfyzGkAkSCFf4Q=mo,"Aplicaci√≥n peor que la anterior y con pocas opciones, cualquier marca m√°s econ√≥micas hoy en d√≠a Dan mejor servicio e incluyen opciones gratuitas. Espero que lo solucionen por que es p√©sima.",1,4,1.3.4,2021-04-30 15:53:54,,,1.3.4,Spanish,The MyBMW App is worse than the previous one and has few options. Any cheaper brands nowadays offer better service and include free options. I hope they fix it because it's terrible.
41957080-add5-45bd-bbb5-f9f5796654eb,J. F.,https://play-lh.googleusercontent.com/a/ACg8ocJA5FtknU6iww1LVLa2rV0MHVRCqCgW77tlfYs-iQYDni_yZBRb=mo,"Mapa inutilizable, no encuentra nada, Spotify no funciona. Preferia el fondo negro de la anterior app. BMW ganaria puntos si se dignara preguntar a sus usuarios que necesidades tienen para implementarlas. Esta aplicaci√≥n es un paso atr√°s respecto a la anterior.",1,6,1.3.4,2021-04-30 08:41:09,,,1.3.4,Spanish,"Unusable map, doesn't find anything, Spotify isn't working. I preferred the black background from the previous app. BMW would earn points if it deigned to ask its users what their needs are to implement them. This application is a step back compared to the previous one."
129c372e-ca8a-411f-9c77-3e10d3f03a9b,C G AGP,https://play-lh.googleusercontent.com/a/ACg8ocLG33ilwDAMUkJlSWf421xO1obh4hKQwOvD76TzIyG4pAEMIg=mo,"Funcionando perfectamente la anterior imposible acceder a la nueva o recuperar contrase√±a, funcion√≥ una vez, ahora no hay forma, a nivel seguridad no quiero ni pensarlo... Un desastre. Que pena, era un valor a√±adido al coche... Increible q una marca asi no se asegure un cambio sin problemas de una app a otra, de hecho te obligan a cambiar..",1,19,1.3.4,2021-04-28 20:44:12,,,1.3.4,Spanish,"The previous version of the app was working perfectly, but now it's impossible to access the new one or recover my password; it worked once, but now there's no way in hell, at a security level, I don't even want to think about it... A disaster. What a shame, it was an added value for the car... It's incredible that a brand like this doesn't ensure a smooth changeover from one app to another, actually, they force you to change..."
6d64dd25-ccfa-4ceb-aa1c-d791fc625503,Manolo Mart√≠n,https://play-lh.googleusercontent.com/a/ACg8ocIs0DCkJWTiiRhYq2oLFaCDYRpbLggPH0pLFk--LWxKtDk63g=mo,De momento no funciona la localizaci√≥n del veh√≠culo ni aparece ning√∫n mapa,1,0,1.3.4,2021-04-28 09:14:48,,,1.3.4,Spanish,"The vehicle location feature isn't working at the moment, and no map appears."
814cfd87-23d0-4035-a603-465bfb60135e,JES√öS-EA4PC,https://play-lh.googleusercontent.com/a-/ALV-UjXY3KmXND0vC1sGEoHFpEzPeWuNMH5h1UfpvOYp63JkRKHpuQrV,Estupenda,5,0,1.3.4,2021-04-27 20:51:05,,,1.3.4,Spanish,"""The MyBMW App works great, but the Digital Key doesn't always function properly."""
45b0a6b8-a883-424b-b80f-770964585745,juan carlos molina marin,https://play-lh.googleusercontent.com/a-/ALV-UjUVi8XbUx4hpUZrjXGZOw1sK0oajZGpupsyWAt3JH890Pym3P8b,"No puedo ni abrirla, tengo que utilizar la antigua.",1,0,1.3.4,2021-04-27 07:54:41,,,1.3.4,Spanish,I can't even open it; I have to use the old one.
1867e590-9183-4c1e-9b72-56a7f4ee74ed,Oscar Herrera Perez,https://play-lh.googleusercontent.com/a/ACg8ocKnrYUokMqK8czXaGEH5KgCwLBRYgYnAIIfN3K4pwUhkKZVSQ=mo,"Vamos a peor, ni de abre.",1,0,1.3.4,2021-04-26 09:32:38,,,1.3.4,Spanish,"""The app is getting worse, not better."""
54940fbc-b575-49b1-8011-8908e181cbc7,Daniel Mario Cerdeira di Napoli Vita,https://play-lh.googleusercontent.com/a/ACg8ocJBjwWBzOrxmL6kZ2zQDhDLL6MstZA8dqit-W7PcQv8KBIPRQ=mo,"Tiene menos funciones que el app anterior: no permite encender la bocina, que es vital para encontrar el coche en un aparcamiento.",3,2,1.3.4,2021-04-25 17:30:40,"¬°Hola! Con la √∫ltima versi√≥n de la My BMW App ya est√° disponible el Servicio Remoto ""Activar claxon"", que te permite controlar el claxon de tu BMW f√°cilmente con la My BMW App. - My BMW App Support Team

",2021-05-18 17:15:35,1.3.4,Spanish,"The app has fewer features than the previous version: it doesn't allow honking the horn, which is vital for finding the car in a parking lot."
822df885-fa3e-4757-a20a-a1a1a9e7275e,Nando,https://play-lh.googleusercontent.com/a/ACg8ocJPp0WJ0lctOYPvA0i16GMhMOq1uE-zawKBcdc1Zivp-57-5Q=mo,buena app facil e intuitiva...,5,0,1.3.4,2021-04-24 21:50:57,"¬°Hola Nando! Gracias por tu comentario positivo. Nos complace saber que disfrutas utilizando la aplicaci√≥n My BMW - My BMW App Support Team
",2021-04-28 20:00:58,1.3.4,Spanish,"""The MyBMW App is good, easy, and intuitive..."""
ed16f87d-2a70-4d71-a793-144e2b612232,Esteban Guti√©rrez,https://play-lh.googleusercontent.com/a-/ALV-UjX2VC4Hh2w670f_mLiL9wOvHnuR7V_sO4bXZUXn-aUTJqzFoUU,"Es una aut√©ntica basura, la opci√≥n para mi, mas importante, que es la de localizar el veh√≠culo ha dejado de funcionar. Espero que se solicione.",1,4,1.3.4,2021-04-24 07:54:50,"¬°Hola Esteban! Para poder ver la posici√≥n actual de tu BMW en el ""Buscador de veh√≠culos"", debes haber aceptado la localizaci√≥n del veh√≠culo en tu veh√≠culo, en la App My BMW y en tu smartphone. Aseg√∫rate de que tu veh√≠culo tiene una conexi√≥n activa. Si el problema persiste, comun√≠calo a trav√©s de ""Enviar comentarios"" en el men√∫ ""Perfil"".",2021-04-28 20:02:07,1.3.4,Spanish,"It's a genuine piece of junk; the option that is most important to me, which is vehicle location, has stopped working. I hope they address it soon."
84932ef3-38eb-4fc1-95fc-34dd3b6efa8c,Antonio Palencia valverde,https://play-lh.googleusercontent.com/a/ACg8ocK0JU1ohRHVthHQVnARTqxC64DQnvyDWE1dxuY72pSkRQX2bQ=mo,No funciona es un desprestijio para la bmw,1,1,1.3.4,2021-04-22 14:41:00,,,1.3.4,Spanish,"It doesn't work, it's a shame for BMW."
d1441cf1-6979-4ac8-b24e-3aa7aef4e917,Andr√©s Mu√±oz (Padrino),https://play-lh.googleusercontent.com/a-/ALV-UjVYRq10HMHNATEbNOaATFQWunbMpm_RLf4fMJJtPpvLoVuQBVbe,No sirve igual,1,0,,2021-04-22 08:40:04,,,,Spanish,"The Connected Drive remote control function works perfectly, but the Digital Key doesn't always work."
6f1cf89c-0a58-4c51-9b4e-df50c0e82aab,Rpm Perez,https://play-lh.googleusercontent.com/a/ACg8ocIpK9gr6JufnwCTSGn9B2HNbhA2SOhHn-YUNykXITfTv91XYA=mo,"bmw con3cted ya era mala, pero esque esta es peor. una basura",1,0,1.3.4,2021-04-21 00:17:17,,,1.3.4,Spanish,"""The MyBMW App is even worse than Connected Drive. It's trash."""
6364e68b-636b-4278-900e-aad2a06600a6,Jes√∫s Rodr√≠guez,https://play-lh.googleusercontent.com/a/ACg8ocLMdgVBX26DohS5aqdr4Y0lKSFXXMgjfTE8bkBaodxlw1kKrA=mo,No funciona. No reconoce la contrase√±a y no me env√≠a correo para reactivar,1,0,1.3.4,2021-04-20 20:50:56,,,1.3.4,Spanish,"The app doesn't work. It doesn't recognize my password, and it doesn't send me an email to reactivate it."
eaad1fc7-e3fb-4705-abd5-4d4327e30969,Francisco Dones Sabrido,https://play-lh.googleusercontent.com/a/ACg8ocLc5Z1VJLMTR9QN1Iz0x1gp7rmAsao8-smytXi4EhilrDbbzA=mo,No me deja registrarme. Mucho lirili y poco larala,1,0,1.3.4,2021-04-20 20:42:11,,,1.3.4,Spanish,I can't register. Lots of nonsense and little useful info.
7f82aa88-8f96-4520-9d39-ce1d714e542f,Arturo Vazquez,https://play-lh.googleusercontent.com/a-/ALV-UjVntGLP8lzQ1r7e1CGBO76f5C7m8AEf1ymUlXiiz5FRwkjk0K-R,Es una porquer√≠a. No se conecta porque seguro no hab√≠a un buen enlce con los datos de los autos. Lanzan algo que no sirve !!,1,4,1.3.4,2021-04-20 16:51:03,,,1.3.4,Spanish,This is a piece of junk. It doesn't connect because they obviously didn't have a good link to the car data. They launched something that doesn't work!!
5546dcae-55f3-4461-8a0c-63559a1fc85b,Gilberto Palacios,https://play-lh.googleusercontent.com/a/ACg8ocJO9o_Geq3yNnHbSqfcy2PC8ssrLDMplGd4V65_2AQGansgKQ=mo,"Recien acabo de instalar la app pero al intruducir el ID de mi veh√≠culo me informa que no hay conexi√≥n que lo vuelva a intentar, no se si sea normal porque ya son varios los intentos sin √©xito, ¬øtendr√°n alg√∫n n√∫mero telef√≥nico para auxiliarme con este tema?, gracias me ubico en cdmx.",2,4,1.3.4,2021-04-20 00:59:25,,,1.3.4,Spanish,"I just installed the app but when I entered my vehicle ID, it informs me there's no connection and asks me to try again. I‚Äôm not sure if this is normal because several attempts have been unsuccessful already. Do they have any telephone number to assist me with this issue? Thanks, I am located in CDMX."
8857b9c8-b099-445a-8e0e-42214970a497,Josep M.,https://play-lh.googleusercontent.com/a/ACg8ocJ_-184aTWN3ve8Grqr4m0p0wa6wR48aCmGHxwnWH5m4i9PSg=mo,Aplicaci√≥n que ocupa una barbaridad y adem√°s no s√© abre. Que imagen da de BMW... No le doy 0* porque no se me permite.,1,0,1.3.4,2021-04-19 19:46:23,,,1.3.4,Spanish,The MyBMW App takes up a huge amount of space and doesn't even open. What does this say about BMW... I wouldn't give it 0 stars if I could.
62a188b9-257b-4e32-bfed-cdb71f998555,Raul,https://play-lh.googleusercontent.com/a/ACg8ocJtBP6nbLtShZmTGwab4Q3YVAO8mxejnNrWXyp1MzxBrGlpD_U=mo,una m gorda,1,1,1.3.4,2021-04-19 17:47:23,,,1.3.4,Spanish,"The app review says ""una m gorda,"" which is an informal and colloquial phrase in Spanish, often used to describe something as ""a fat M"" or more idiomatically, ""a big deal."" Given the context of a BMW app review, it might refer to issues with the Connected Drive feature.

Here's the translation preserving the tone and sentiment:

""A major issue with Connected Drive."""
980c3c2f-14d9-4f81-8ebb-a2ea0423c579,Jose Luis Rod,https://play-lh.googleusercontent.com/a-/ALV-UjVyDaDxl0eaNI_taO1e52UoxBVb8X94sBPowz0gLZHEpBVk2Hi4,"No permite entrar sin conocer mi ubicaci√≥n, cosa que no siempre estoy dispuesto a facilitar",1,0,1.3.3,2021-04-19 17:46:15,,,1.3.3,Spanish,"The app doesn't allow access without knowing my location, something I'm not always willing to provide."
17f611cc-36bf-41bd-ac9f-97d7a076e0b9,Francisco Torres Gonz√°lez,https://play-lh.googleusercontent.com/a-/ALV-UjXvg5RM58IyZ0hD-zee036WvIoL590NLEJO-zmOUXpr1LNtiUTj,"Aplicaci√≥n p√©sima. BMW connected es un mill√≥n de veces mejor, deja hacer m√°s cosas",1,1,1.3.4,2021-04-19 17:16:18,,,1.3.4,Spanish,"Terrible app. BMW ConnectedDrive does a million times better, lets you do more things"
2e496cd1-b23a-4525-8368-602eff8b401a,Un usuario de Google,https://play-lh.googleusercontent.com/EGemoI2NTXmTsBVtJqk8jxF9rh8ApRWfsIMQSt2uE4OcpQqbFu7f7NbTK05lx80nuSijCz7sc3a277R67g,Excelente,5,0,1.3.4,2021-04-19 16:46:14,,,1.3.4,Spanish,"""The Digital Key works perfectly, but the remote control function fails sometimes."""
28e380af-d815-48b2-b13a-9e7e0f5f13c1,Andres Toruga,https://play-lh.googleusercontent.com/a/ACg8ocJiOEEzUMutqqQebp3XiTYuW4OCYNT36XTWx7FwWp9sz24KRA=mo,"Basura! La anterior era mejor, el fondo blanco es molesto y ahora no puedo hacer sonar el claxon, no puede ser que te quiten servicios para un carro premium",1,3,1.3.3,2021-04-16 21:15:15,"¬°Hola! Con la √∫ltima versi√≥n de la My BMW App ya est√° disponible el Servicio Remoto ""Activar claxon"", que te permite controlar el claxon de tu BMW f√°cilmente con la My BMW App. - My BMW App Support Team",2021-05-18 17:16:06,1.3.3,Spanish,"Trash! The previous version was better, the white background is annoying and now I can't honk the horn, it's not fair that they remove services for a premium car!

Connected Drive remains as ""Connected Drive""
MyBMW App remains as ""MyBMW App""
iDrive remains as ""iDrive""
Digital Key remains as ""Digital Key"""
9896199c-c7a2-423c-bec9-254a62e65dea,Kawasviejas Invent Dos mil diecinueve,https://play-lh.googleusercontent.com/a/ACg8ocLY5eZp6fiFajHD7QmKeu4McrFnqZHqSku6St3NJsa0HJMEGQ=mo,"No le doy el aprobado,por que como sustituta de BMW conneted pierde algunas funciones como usar el claxon v√≠a remota",2,0,1.2.2,2021-04-15 22:11:55,"¬°Hola! Con la √∫ltima versi√≥n de la My BMW App ya est√° disponible el Servicio Remoto ""Activar claxon"", que te permite controlar el claxon de tu BMW f√°cilmente con la My BMW App. - My BMW App Support",2021-05-18 17:16:19,1.2.2,Spanish,"I don't give it a pass because as a substitute for Connected Drive, it loses some functions like using the horn via remote control."
17f7261b-f00f-4e03-bc6d-e0c3c294d9a6,Arturo S,https://play-lh.googleusercontent.com/a/ACg8ocKIbszPDp6LJAXOamPcQPOq8bkrQJXGmDG-XFhIkNJ5H7ljEg=mo,"Mucho peor que la anterior. Adem√°s, desde la √∫ltima actualizaci√≥n, si no permites el acceso a la ubicaci√≥n, no puedes abrirla. Connected dejaba el fondo en negro y daba informaci√≥n de la presi√≥n de las ruedas, cosa sin la que puedo pasar, pero no por tener que permitir acceso a la ubicaci√≥n. Los mapas tambi√©n funcionan peor, no s√© si han dejado de usar google, pero no encuentra los sitios igual ni tiene todos los que ten√≠a la anterior. Seguir√© usando connected hasta que la quiten.",2,26,1.3.3,2021-04-11 12:37:19,,,1.3.3,Spanish,"Much worse than the previous version. Additionally, since the last update, if you don't allow location access, you can't open it. Connected Drive left the background in black and provided tire pressure information, which I could live without, but not because I have to allow location access. The maps also work worse; I'm not sure if they stopped using Google Maps, but it doesn't find places as well and doesn't have all the ones from the previous version. I'll keep using Connected Drive until they remove it."
5b13093c-297b-452c-9965-9721a7d124b7,Plammen Kazakov,https://play-lh.googleusercontent.com/a-/ALV-UjWh7dmtjoxAEh55psT_61m0V5mzIWknbRuSX8eYm8Co98fC_KGwBw,"Basura de aplicaci√≥n. La anterior ""BMW Connected"" es mucho mejor pero la van a descatalogar pronto. En la antigua app puedo hacer sonar el claxon a distancia,... muy √∫til para parkings. En esta nueva app no se puede! La antigua usa Google Maps... La nueva usa la basura de Bing... No encuentra los mismos resultados! Que desepcion. Ten√≠an una app que funcionaba bien y la cambian por esta tonter√≠a. En lugar de actualizar y mejorar, desactualizan y empeoran!",1,35,1.3.3,2021-04-11 01:43:30,"¬°Hola! Con la √∫ltima versi√≥n de la My BMW App ya est√° disponible el Servicio Remoto ""Activar claxon"", que te permite controlar el claxon de tu BMW f√°cilmente con la My BMW App. - My BMW App Support Team",2021-05-18 17:11:19,1.3.3,Spanish,"Trash app. The previous ""BMW Connected"" was much better but they are going to discontinue it soon. In the old app, I could honk the horn remotely,... very useful for parking lots. In this new app, you can't do that! The old one used Google Maps... This new one uses the trash of Bing... It doesn't find the same results! Disappointing. They had an app that worked well and they changed it to this nonsense. Instead of updating and improving, they deprecated and worsened it!"
cc2994c4-311a-4c8a-a199-2894c0b7ed66,Rafael Saco Santiago,https://play-lh.googleusercontent.com/a-/ALV-UjWt6w86pgiVc9a-u5-EqBHj3QJahxwB6uoYlZRGORn3Oqs5ZqMAKw,est√° bien,4,0,1.3.3,2021-04-10 10:12:04,"¬°Hola, Rafael! Gracias por tu comentario positivo. Nos complace saber que disfrutas utilizando la My BMW App. - My BMW App Support Team",2021-04-14 13:44:21,1.3.3,Spanish,"The MyBMW App works fine, but the Digital KeyÊúâÊó∂‰ºöÂá∫Áé∞ÈóÆÈ¢ò„ÄÇ"
d82eafb9-f821-4668-974b-3d9ab8744b58,Arturo Calleja,https://play-lh.googleusercontent.com/a-/ALV-UjUFjxuX4VEkt86UVXwpwm5Hd_ac4gJFbdV806mj0ZbGxxh_a30gJQ,"Dejo de funcionar bien hace meses. Al principio hasta pod√≠a abrir el coche remotamente, pero hace meses que dejo de funcionar correctamente. Ni ubica el coche en el mapa, no funciona nada remoto. Solo funciona el enviar destinos al navegador del coche. Mala experiencia con la app, la verdad.",1,15,1.3.3,2021-04-08 09:39:26,,,1.3.3,Spanish,"The app has stopped working properly for months. At first, I could remotely start the car, but it hasn't been functioning correctly for months now. It doesn't locate my car on the map, and nothing remote works. Only sending destinations to the in-car navigator functions. Truly a bad experience with the app."
b25edc7c-27f1-4410-bc3b-c893d1592d74,Pepo Men√©ndez,https://play-lh.googleusercontent.com/a-/ALV-UjXVtjxftd0Ff3PiBebXiXqP50RVjEOU_GgvOuOWMPIOabJv1NtkDw,"En general es √∫til, poder controlar el coche a distancia, enviar direcci√≥n al navegador desde Google Maps...me gusta!",4,0,1.3.2,2021-04-07 22:01:18,,,1.3.2,Spanish,"In general it's useful, able to control the car remotely, send address to the navigator from Google Maps...I like it!"
a802bd26-1a41-418e-824c-2385101e8c82,Ana Alvarez,https://play-lh.googleusercontent.com/a/ACg8ocLLNiapN3Qv6aVbdZFoLLSpFIwEsPYEvJHBMbbL7DB4DHjY=mo,Es lamentable no poder ver sus modelos en l√≠nea,1,1,,2021-04-06 15:57:10,,,,Spanish,It's unfortunate not being able to see their models online.
8eed8920-665b-4ee8-bf0c-f08883e3488d,Juanjo Gallo,https://play-lh.googleusercontent.com/a-/ALV-UjU2ELCQuF-plkD1sHxkZTSG4RnbmJd1QUKLE3goOR8uSr3JkK1ZpQ,"Va genial,.aunque tambi√©n comentar que falla ocasionalmente.",5,1,1.3.2,2021-04-05 21:52:09,,,1.3.2,Spanish,"It works great, although it also needs to be mentioned that it fails occasionally."
fbf30c93-2622-42f4-8a7d-2ac2b216de2a,Ra√∫l Mart√≠n,https://play-lh.googleusercontent.com/a/ACg8ocK45BHy-iZRXVMhCdme9kP-ZQIgkUmEe4v4FUjErWUiNC5hWg=mo,Un pitorreo. Un pu√±etero desastre,1,0,,2021-04-05 19:16:25,,,,Spanish,"""Un pitorreo. A complete disaster."""
ff57dd58-7f1d-4c07-910c-3a74987a6888,CRISTO ESTEPA,https://play-lh.googleusercontent.com/a/ACg8ocIBnX5i7Agr1tcmCSeeVyHFMR2SewsXZTpfi0e76d7tPr9lQLjk=mo,Muy buena,4,0,1.3.2,2021-04-05 17:30:09,,,1.3.2,Spanish,"The climate control remote function works perfectly, but the Digital Key fails sometimes."
3ad5dd9d-30ec-484d-b8c6-e911e1515984,Manuel Rodr√≠guez Aira,https://play-lh.googleusercontent.com/a/ACg8ocJzLO_POUoKiLEFSLnxuTHxv58YCVnLXQTVVyWAXdWogGxyX3o=mo,Muy buena aplicaci√≥n. Ofrece informaci√≥n pr√°ctica y √∫til.,5,0,1.3.2,2021-04-04 12:13:33,,,1.3.2,Spanish,Very good app. Offers practical and useful information.
4504670e-cf8b-4477-9811-a89966f2b656,Rafael C.F.,https://play-lh.googleusercontent.com/a-/ALV-UjXijO4753qdcah94y9nRgoFWXwp1PTmz8DCPkdNa4--a0kjQGLe,"Solo a mejorado la b√∫squeda de destinos en mapa, pero ahora la autonom√≠a la marca en % / km mejor antes en Litros / Km y visualmente antes mejor, ahora muy simple y no tiene la opcion bocina.(yo prefiero la anterior versi√≥n esta es malisima)",1,7,1.3.2,2021-04-02 22:09:12,"¬°Hola! Con la √∫ltima versi√≥n de la My BMW App ya est√° disponible el Servicio Remoto ""Activar claxon"", que te permite controlar el claxon de tu BMW f√°cilmente con la My BMW App. - My BMW App Support Team",2021-05-18 17:17:56,1.3.2,Spanish,"""Only improved destination search in maps, but now range is marked in %/km better before in liters/km and visually before was better, now very simple and doesn't have the horn option. (I prefer the previous version this one is really bad)"""
a1c96803-49ed-43eb-89e4-5b84e3fa2f9b,Armando Parra De La Merced,https://play-lh.googleusercontent.com/a/ACg8ocKFVhoOZgSLJEc2iuFqegKE3i3VBkkIqhAiaYFPx_Gg4brcig=mo,R√°pida conexi√≥n. Con comunicaci√≥n a la store.,5,0,1.3.2,2021-04-01 23:39:52,,,1.3.2,Spanish,Rapid connection. With communication to the store.
c963e5a3-b624-4500-989c-8b3b1838befb,Carlos Casasampere,https://play-lh.googleusercontent.com/a-/ALV-UjXkGk-hpwiXDF9zXwOw3wP9oolOHPrH1kYzvOEfTKOKZuBc7Nvi,no me funciona spotify y ninguna app con esta nueva app,1,1,,2021-04-01 19:18:56,,,,Spanish,The MyBMW App doesn't work for Spotify or any other app with this new version. Very frustrating!
974c7bc8-8bbf-42c5-89f6-1705921c1354,Paco Gallardo,https://play-lh.googleusercontent.com/a-/ALV-UjX7vgORVS_qdgB_ZHUt4JsY9kIA1m1XBttE0Eub_P8jaMKs5z-u,Yo me acabo de recoger el 128 ti y no tengo acceso a la aplicaci√≥n y he ido mirando por los chat y por lo que veo es solo v√°lida para Apple.,1,1,,2021-03-31 17:12:58,,,,Spanish,"I just picked up my BMW 128ti, but I don't have access to the MyBMW App, and after checking in the chat, it seems it's only valid for Apple."
f50a0856-8923-4dad-be51-432b25b17157,Edu Mevi,https://play-lh.googleusercontent.com/a-/ALV-UjWbMuJsw7Rpu2GbGli4bf0_3zqmV6ZYE0Ot5yOOdL-dC2vg82lyfA,Se reinicia. No deja accedee,1,5,1.3.2,2021-03-31 07:37:07,,,1.3.2,Spanish,The app restarts. It doesn't allow access sometimes.
83d1f71c-b976-4a49-8997-38fb9db7ee57,javier canales larumbe,https://play-lh.googleusercontent.com/a/ACg8ocK3DNSA26EmqfH5wSRnTMYbsw8YU3Hc_c8hJaZyrowwP12sZg=mo,No me reconoce el correo electr√≥nico anterior.,1,0,1.3.2,2021-03-30 18:10:02,,,1.3.2,Spanish,The previous email address is not recognized.
cdf93395-b0f7-4848-a902-cbe2920ed6fc,Santiago Manuel Maroto Reyes,https://play-lh.googleusercontent.com/a-/ALV-UjWkrp3rgieL5dTAAtVj9pI9Hg9dadGSaL0ckn49K0gTdZgTp7Z8,Muy completa y efectiva funciona a la perfecci√≥n,5,0,1.2.2,2021-03-21 21:17:29,"¬°Hola, Santiago Manuel! Gracias por tu comentario positivo. Nos alegra saber que te gusta la My BMW App. Para la nueva My BMW App, nuestra prioridad es lanzar una aplicaci√≥n f√°cil de usar, r√°pida, estable y fiable. - My BMW App Support Team",2021-03-29 12:56:46,1.2.2,Spanish,"The MyBMW App works flawlessly, but the Digital Key occasionally fails."
e9b07fe5-66fe-4bdb-b7d2-4b2aecff7a13,Joan M B,https://play-lh.googleusercontent.com/a-/ALV-UjXOyzhiR2UJrOkJWtQD-TVhXZDic0A3QkoPpoJsD9uWTpJXgjNh,muy buena si tienes un BMWüòÅ,5,0,1.2.2,2021-03-11 21:08:38,"¬°Hola, Joan! ¬°Gracias por tu comentario positivo! Nos complace saber que disfrutas utilizando la MINI App. - MINI App Support Team
",2021-03-24 16:18:26,1.2.2,Spanish,"""very good if you have a BMWüòÅ"""
d9b6e6a2-843e-4be8-8cb5-f012a328175c,David,https://play-lh.googleusercontent.com/a/ACg8ocKUYKLPX0XO2FgKF321m1yZ4gkczE9lDfi16Gg4hooLnwReAg=mo,"Con Android no da ning√∫n dato del coche aunque lo conectes con el cable, igual q la app connected. Solo te vale para direcciones o abrir/cerrar, ventilar, bocina y luces ( si has pagado tenerlo). En resumen, menos funcionalidades q con iOS",2,0,,2021-03-03 17:08:34,,,,Spanish,"With Android, it doesn't give any car data even though you connect it with the cable, just like the Connected Drive app. It's only useful for directions or opening/closing, climate control, horn, and lights (if you've paid for it). In summary, it has fewer functionalities than with iOS."
14faf6c4-98df-40db-8c5a-653fa4a3123c,Mario D,https://play-lh.googleusercontent.com/a/ACg8ocIRZNDKcdNyL-yrLp5WToyvy9lzCa_Vi4ujhbYTZZinTpJpFw=mo,"Ped√≠ una cita a trav√©s de la app, con la opci√≥n de movilidad veh√≠culo de sustituci√≥n. Lleg√≥ el d√≠a y hora de la cita al taller y cuando ya est√° todo para dejar el coche y pido el veh√≠culo de sustituci√≥n me dicen que no hay, les digo que yo ped√≠ movilidad en la app y hab√≠a cita disponible y me dijeron que ten√≠a que llamar por tel√©fono para confirmar la cita, en resumen, no vale para nada",1,4,1.2.2,2021-02-28 10:58:31,,,1.2.2,Spanish,"I requested an appointment through the MyBMW App, with the option for vehicle substitution mobility. The day and time of the appointment arrived at the workshop, and when everything was ready to drop off my car, they told me there was no substitute vehicle available. I said that I had requested mobility via the app and that there was a slot available, but they told me I needed to call by phone to confirm the appointment. In summary, it's completely useless."
f7bb058e-253f-41e7-9f8c-35042238d3de,Jes√∫s Ballar√≠n,https://play-lh.googleusercontent.com/a/ACg8ocIkkVz_vqhvl9LJI5D7_uEyTcNND8EI9HivKFveg1zBzYHEew=mo,"No funciona Alexa con Android, espero que en alguna actualizaci√≥n pueda funcionar al igual que la bocina.",3,1,1.2.2,2021-02-26 22:42:45,,,1.2.2,Spanish,The MyBMW App does not work with Alexa on Android; I hope it can function in some future update like the speakers.
29516351-8087-4341-b5c3-476b0c66c13a,Victor Lopez,https://play-lh.googleusercontent.com/a-/ALV-UjWMjX46ZtxTOWxEZtqGAz99nzLAPLZTb1kIt5j9JLOzwcMdLQ,Muy funcional y personalizada al coche bmw,5,0,1.2.2,2021-02-24 16:34:58,,,1.2.2,Spanish,Very functional and personalized to my BMW vehicle
77cd445e-8cd0-4ecc-9c51-b2e127a2289a,Nano Nandi,https://play-lh.googleusercontent.com/a-/ALV-UjUWTsUykDvmPTT0gb0hfiaWmNqtj855WANW8JfT7FggPZkLFDne,Seguid as√≠.,5,0,1.2.2,2021-02-05 17:42:41,"¬°Hola, Fernando! Gracias por tu comentario. Es bueno escuchar que te gusta la My BMW App. ¬°Contin√∫a disfrut√°ndola! ‚Äì My BMW App Support Team",2021-02-10 18:16:54,1.2.2,Spanish,"""Keep it up."""
e61f94fa-bddf-4998-a3d1-2adcbee66912,Tomas Alonso,https://play-lh.googleusercontent.com/a-/ALV-UjU82Zk5jYXhAsmyGl5xpKZYrTROZKf_heGizZ8MPaKz8fMAECB43g,"Le falta funcionalidad si la comparas con la de VOLVO (rutas con distancia, ruta etc) pero esta muy bien. Mucho mejor que BMW connected anterior a nivel de UX y usabilidad. Le doy 4 estrellas por eso y porque a veces no me actualiza bien los estados de la carga..",4,2,1.2.2,2021-02-03 19:39:51,,,1.2.2,Spanish,"The app lacks functionality when compared to VOLVO's (routes with distance, route etc.), but it's very good. Much better than the previous BMW ConnectedDrive in terms of UX and usability. I give it 4 stars for that and because sometimes it doesn't update the charging states well."
863cf161-3af9-4949-b618-fcee13e8c4e5,Julio Rochina,https://play-lh.googleusercontent.com/a/ACg8ocKMKSXn0VUNDEtgkTVq4dd3MYkA4NrT3bqZw6H0N-Dk666NTg=mo,La aplicaci√≥n es sencilla e intuitiva. El problema radica en que te compras un coche de m√°s de 50000 euros (BMW X1 M SPORT) y no dispones de android Auto y la mayor√≠a de las apps no funciona (Alexa) porque no tienes un iPhone (la aplicaci√≥n para iOS es diferente y bastante mejor). Espero que BMW nos brinden las mismas oportunidades a los usuarios Android.,1,20,1.2.2,2021-02-02 19:04:08,Hi Julio! Please be aware that the availability of certain features is dependent on your vehicle capabilities and your ConnectedDrive contract. Amazon Alexa is currently only available for vehicles with BMW Operating System 7 (Version 11/2020). Previously produced vehicles shall be supported with future releases of the My BMW App. - My BMW App Team,2021-02-09 10:23:40,1.2.2,Spanish,"The app is simple and intuitive. The problem lies in that when you buy a car costing more than 50,000 euros (BMW X1 M SPORT) and don't have Android Auto, most apps don't work (Alexa) because you don't have an iPhone (the iOS app is different and much better). I hope BMW provides the same opportunities to Android users."
3845d50e-a682-49af-965e-ac9cd77a66e5,Moises Sanchez Campal,https://play-lh.googleusercontent.com/a-/ALV-UjX93tBvxmM_o406sfW3oNdGqREJqMDbDkKDbepjozwqhKApHpY,"Solo tiene una ventaja respecto a la anterior app, se puede ajustar en el mapa el sitio justo donde queramos ir, este punto es importante, pero la anterior me resulta m√°s atractiva y creo que va m√°s fluida, ahora tengo las dos",3,2,1.2.2,2021-01-20 22:30:17,"¬°Hola, Moises! ¬°Gracias por tu comentario! Nos alegra que te guste esta nueva funci√≥n de mapa. Sugerencia: tambi√©n puedes guardar la ubicaci√≥n del PIN en tus ""favoritos"" y luego cambiarle el nombre. M√°s funciones vendr√°n en versiones futuras, para las cuales encontrar√°s m√°s informaci√≥n en la App Release Notes - My BMW App Support Team",2021-01-28 11:43:27,1.2.2,Spanish,"""Only has one advantage over the previous app, you can adjust the map to the exact location where we want to go; this point is important, but the previous one seems more appealing to me and I think it works smoother now. I have both."""
98180e4c-d3a6-4957-8d40-711e018a85f1,Hristo Traychev Mihalev,https://play-lh.googleusercontent.com/a-/ALV-UjUALpg-OzzcMIefm_xoZz2Rs1eW-TdRoIURZfwMcPQTV3nW725gIw,"Es √∫til, f√°cil de usar.",4,0,1.2.2,2021-01-13 13:03:15,"Hi Hristo! Thank you for your positive feedback! For the new My BMW App, it was indeed our priority to release a user-friendly, fast, stable and reliable app. Continue to have fun! - My BMW App Support Team",2021-01-15 18:04:29,1.2.2,Spanish,The MyBMW App is useful and easy to use.
4ff2bb43-c439-405f-a2b6-473b9249da6c,Ricardo Valero,https://play-lh.googleusercontent.com/a-/ALV-UjWjppM1PQ8pB5NVqL_1PxGAgiUQZFtuS8nQBX_NaLYjhp29A5Pnvg,"Podria dar algo mas de informacion,como presi√≥n de ruedas y algun detalle m√°s.",3,1,1.2.2,2021-01-06 21:42:12,,,1.2.2,Spanish,"The app could provide more information, like tire pressure and additional details."
79eb4148-d1e7-4f9b-92a1-d033c4b55005,Felipe Bejarano Cabezas,https://play-lh.googleusercontent.com/a/ACg8ocInCsDWexLX6oX8GQ9w9Fq4cJCKF8TSSfaQmxUYHpvsCFZYvw=mo,muy buen servicio,5,0,1.2.2,2020-12-31 08:32:22,"¬°Hola, Felipe! Gracias por tu comentario. Es bueno escuchar que te gusta la My BMW App. ¬°Contin√∫a disfrut√°ndola! ‚Äì My BMW App Support Team",2021-01-08 15:14:45,1.2.2,Spanish,"""Very good service"""
ecf2391a-9681-4196-8242-ab44e29aaba2,amadeo arias rodriguez,https://play-lh.googleusercontent.com/a/ACg8ocLqo9xk46JjgmObSNX7BHL3KuJAbRntDk_Tzgon9Q8Lu8lvPQ=mo,Muy buena aplicaci√≥n.,4,0,1.2.1,2020-12-20 14:59:00,,,1.2.1,Spanish,"""Muy buena aplicaci√≥n."""
88018586-9bd1-4bc5-9657-8b7995f54afe,Ivanolix LD,https://play-lh.googleusercontent.com/a/ACg8ocI7m3T801V0QiyFYBhKVP8DHexuRoMMoSYb0e61PEfnuUz5gQ=mo,No permite el uso de la bocina de forma remota. Lo han eliminado de la otra aplicaci√≥n.,1,0,,2020-12-18 19:36:52,"¬°Hola! Con la √∫ltima versi√≥n de la My BMW App ya est√° disponible el Servicio Remoto ""Activar claxon"", que te permite controlar el claxon de tu BMW f√°cilmente con la My BMW App. - My BMW App Support Team
",2021-05-18 17:12:07,,Spanish,The app does not allow remote horn usage. They have removed it from the other application.
